model,test,depth,concurrency,t/s,t/s_err,t/s (req),t/s (req)_err,peak t/s,peak t/s_err,peak t/s (req),peak t/s (req)_err,ttfr (ms),ttfr (ms)_err,est_ppt (ms),est_ppt (ms)_err,e2e_ttft (ms),e2e_ttft (ms)_err
gfx1151:MiniMax-M2.7-UD-IQ4_NL,pp2048,d0,1,180.97,3.58,180.97,3.58,,,,,9923.65,467.09,9808.12,467.09,9923.65,467.09
gfx1151:MiniMax-M2.7-UD-IQ4_NL,tg128,d0,1,26.48,0.29,26.48,0.29,29.67,0.94,29.67,0.94,,,,,,
gfx1151:MiniMax-M2.7-UD-IQ4_NL,pp2048,d0,2,174.45,3.09,120.75,33.01,,,,,16001.68,4375.84,15886.14,4375.84,16001.68,4375.84
gfx1151:MiniMax-M2.7-UD-IQ4_NL,tg128,d0,2,17.00,0.76,14.02,5.68,53.33,17.46,27.00,8.52,,,,,,
gfx1151:MiniMax-M2.7-UD-IQ4_NL,pp2048,d0,4,179.06,1.60,78.51,37.24,,,,,27771.52,10411.36,27655.98,10411.36,27771.52,10411.36
gfx1151:MiniMax-M2.7-UD-IQ4_NL,tg128,d0,4,13.39,0.23,6.55,2.92,51.00,1.41,13.25,0.60,,,,,,
gfx1151:MiniMax-M2.7-UD-IQ4_NL,pp2048,d8192,1,164.23,0.67,164.23,0.67,,,,,54709.23,279.76,54593.70,279.76,54709.23,279.76
gfx1151:MiniMax-M2.7-UD-IQ4_NL,tg128,d8192,1,23.86,0.08,23.86,0.08,28.00,0.82,28.00,0.82,,,,,,
gfx1151:MiniMax-M2.7-UD-IQ4_NL,pp2048,d8192,2,162.68,0.44,112.79,31.96,,,,,86131.09,23799.41,86015.56,23799.41,86131.09,23799.41
gfx1151:MiniMax-M2.7-UD-IQ4_NL,tg128,d8192,2,4.67,0.05,8.07,5.71,31.33,0.47,16.33,0.47,,,,,,
gfx1151:MiniMax-M2.7-UD-IQ4_NL,pp2048,d8192,4,160.47,0.34,76.21,36.56,,,,,143593.48,58503.30,143477.95,58503.30,143593.48,58503.30
gfx1151:MiniMax-M2.7-UD-IQ4_NL,tg128,d8192,4,3.07,0.05,2.82,2.76,35.67,1.25,10.33,1.37,,,,,,
gfx1151:MiniMax-M2.7-UD-IQ4_NL,pp2048,d16384,1,144.64,1.91,144.64,1.91,,,,,111206.25,3193.83,111090.72,3193.83,111206.25,3193.83
gfx1151:MiniMax-M2.7-UD-IQ4_NL,tg128,d16384,1,21.35,0.27,21.35,0.27,24.67,0.47,24.67,0.47,,,,,,
gfx1151:MiniMax-M2.7-UD-IQ4_NL,pp2048,d16384,2,142.81,0.27,104.08,33.00,,,,,172584.60,54009.03,172469.07,54009.03,172584.60,54009.03
gfx1151:MiniMax-M2.7-UD-IQ4_NL,tg128,d16384,2,2.25,0.04,6.04,4.90,27.00,0.82,14.33,0.94,,,,,,
gfx1151:MiniMax-M2.7-UD-IQ4_NL,pp2048,d16384,4,141.20,0.39,71.48,38.47,,,,,287895.80,125310.02,287780.27,125310.02,287895.80,125310.02
gfx1151:MiniMax-M2.7-UD-IQ4_NL,tg128,d16384,4,1.48,0.02,1.96,2.30,27.33,0.47,8.75,1.79,,,,,,
gfx1151:MiniMax-M2.7-UD-IQ4_XS,pp2048,d0,1,180.25,0.58,180.25,0.58,,,,,10248.05,38.16,10130.56,38.16,10248.05,38.16
gfx1151:MiniMax-M2.7-UD-IQ4_XS,tg128,d0,1,27.62,0.88,27.62,0.88,31.67,2.87,31.67,2.87,,,,,,
gfx1151:MiniMax-M2.7-UD-IQ4_XS,pp2048,d0,2,172.67,0.80,121.38,35.28,,,,,16538.64,4654.34,16421.14,4654.34,16538.64,4654.34
gfx1151:MiniMax-M2.7-UD-IQ4_XS,tg128,d0,2,15.96,0.02,13.05,4.99,41.33,1.70,21.00,1.63,,,,,,
gfx1151:MiniMax-M2.7-UD-IQ4_XS,pp2048,d0,4,178.48,2.62,78.69,37.05,,,,,27642.92,10510.76,27525.43,10510.76,27642.92,10510.76
gfx1151:MiniMax-M2.7-UD-IQ4_XS,tg128,d0,4,13.33,0.30,6.55,2.89,88.33,54.24,22.42,13.40,,,,,,
gfx1151:MiniMax-M2.7-UD-IQ4_XS,pp2048,d8192,1,164.96,0.41,164.96,0.41,,,,,55371.34,626.63,55253.84,626.63,55371.34,626.63
gfx1151:MiniMax-M2.7-UD-IQ4_XS,tg128,d8192,1,24.59,0.08,24.59,0.08,27.67,1.25,27.67,1.25,,,,,,
gfx1151:MiniMax-M2.7-UD-IQ4_XS,pp2048,d8192,2,162.27,0.48,113.34,32.14,,,,,86648.86,24540.70,86531.37,24540.70,86648.86,24540.70
gfx1151:MiniMax-M2.7-UD-IQ4_XS,tg128,d8192,2,4.57,0.13,8.08,5.79,31.67,0.47,16.33,0.47,,,,,,
gfx1151:MiniMax-M2.7-UD-IQ4_XS,pp2048,d8192,4,159.47,0.98,75.66,37.20,,,,,145211.60,59192.07,145094.11,59192.07,145211.60,59192.07
gfx1151:MiniMax-M2.7-UD-IQ4_XS,tg128,d8192,4,3.05,0.05,2.84,2.74,35.00,2.16,10.50,1.19,,,,,,
gfx1151:MiniMax-M2.7-UD-IQ4_XS,pp2048,d16384,1,143.37,1.20,143.37,1.20,,,,,112226.91,1363.36,112109.42,1363.36,112226.91,1363.36
gfx1151:MiniMax-M2.7-UD-IQ4_XS,tg128,d16384,1,21.33,0.45,21.33,0.45,26.33,1.25,26.33,1.25,,,,,,
gfx1151:MiniMax-M2.7-UD-IQ4_XS,pp2048,d16384,2,142.56,0.18,103.26,32.41,,,,,171284.17,52825.14,171166.67,52825.14,171284.17,52825.14
gfx1151:MiniMax-M2.7-UD-IQ4_XS,tg128,d16384,2,2.31,0.13,6.16,5.01,26.67,1.25,14.33,1.37,,,,,,
gfx1151:MiniMax-M2.7-UD-IQ4_XS,pp2048,d16384,4,140.27,0.81,70.55,37.60,,,,,291522.37,125916.11,291404.88,125916.11,291522.37,125916.11
gfx1151:MiniMax-M2.7-UD-IQ4_XS,tg128,d16384,4,1.49,0.02,1.94,2.26,28.33,0.47,8.92,1.50,,,,,,
gfx1151:MiniMax-M2.7-UD-Q3_K_S,pp2048,d0,1,184.08,2.76,184.08,2.76,,,,,9653.41,261.83,9548.98,261.83,9653.41,261.83
gfx1151:MiniMax-M2.7-UD-Q3_K_S,tg128,d0,1,28.72,0.72,28.72,0.72,31.00,2.16,31.00,2.16,,,,,,
gfx1151:MiniMax-M2.7-UD-Q3_K_S,pp2048,d0,2,180.90,2.33,126.39,35.15,,,,,15828.35,4470.48,15723.93,4470.48,15828.35,4470.48
gfx1151:MiniMax-M2.7-UD-Q3_K_S,tg128,d0,2,16.86,0.78,14.06,5.70,44.67,2.36,22.67,1.11,,,,,,
gfx1151:MiniMax-M2.7-UD-Q3_K_S,pp2048,d0,4,185.29,0.70,81.93,39.85,,,,,26699.38,10139.11,26594.95,10139.11,26699.38,10139.11
gfx1151:MiniMax-M2.7-UD-Q3_K_S,tg128,d0,4,14.25,0.37,7.16,3.31,56.33,2.62,15.17,0.69,,,,,,
gfx1151:MiniMax-M2.7-UD-Q3_K_S,pp2048,d8192,1,170.65,1.15,170.65,1.15,,,,,52138.40,836.88,52033.97,836.88,52138.40,836.88
gfx1151:MiniMax-M2.7-UD-Q3_K_S,tg128,d8192,1,25.56,0.32,25.56,0.32,28.33,1.25,28.33,1.25,,,,,,
gfx1151:MiniMax-M2.7-UD-Q3_K_S,pp2048,d8192,2,168.12,0.80,117.19,32.95,,,,,83206.44,23466.02,83102.01,23466.02,83206.44,23466.02
gfx1151:MiniMax-M2.7-UD-Q3_K_S,tg128,d8192,2,4.80,0.07,8.65,6.26,33.33,0.47,17.33,0.94,,,,,,
gfx1151:MiniMax-M2.7-UD-Q3_K_S,pp2048,d8192,4,167.07,0.48,80.90,40.24,,,,,137130.75,57554.13,137026.32,57554.13,137130.75,57554.13
gfx1151:MiniMax-M2.7-UD-Q3_K_S,tg128,d8192,4,3.14,0.06,3.02,2.98,38.67,0.94,11.08,0.95,,,,,,
gfx1151:MiniMax-M2.7-UD-Q3_K_S,pp2048,d16384,1,149.66,1.11,149.66,1.11,,,,,108228.50,2634.30,108124.07,2634.30,108228.50,2634.30
gfx1151:MiniMax-M2.7-UD-Q3_K_S,tg128,d16384,1,22.39,0.20,22.39,0.20,26.00,1.41,26.00,1.41,,,,,,
gfx1151:MiniMax-M2.7-UD-Q3_K_S,pp2048,d16384,2,147.74,0.23,108.22,34.64,,,,,165734.18,52505.62,165629.75,52505.62,165734.18,52505.62
gfx1151:MiniMax-M2.7-UD-Q3_K_S,tg128,d16384,2,2.32,0.08,6.38,5.22,27.00,1.41,14.33,0.94,,,,,,
gfx1151:MiniMax-M2.7-UD-Q3_K_S,pp2048,d16384,4,145.91,0.40,75.66,42.36,,,,,276996.37,123072.94,276891.94,123072.94,276996.37,123072.94
gfx1151:MiniMax-M2.7-UD-Q3_K_S,tg128,d16384,4,1.52,0.02,2.02,2.36,29.33,0.47,9.08,1.38,,,,,,
gfx1151:NVIDIA-Nemotron-3-Nano-Omni-Q8_0,tg128,d0,1,56.71,1.09,56.71,1.09,60.33,1.70,60.33,1.70,,,,,,
gfx1151:NVIDIA-Nemotron-3-Nano-Omni-Q8_0,pp2048,d0,2,870.23,12.22,1022.30,31.22,,,,,4196.54,61.85,1802.83,61.85,4196.54,61.85
gfx1151:NVIDIA-Nemotron-3-Nano-Omni-Q8_0,tg128,d0,2,75.04,0.80,37.93,1.15,84.33,2.49,42.33,1.60,,,,,,
gfx1151:NVIDIA-Nemotron-3-Nano-Omni-Q8_0,pp2048,d0,4,786.70,17.48,296.66,35.88,,,,,8610.07,729.51,6216.35,729.51,8610.07,729.51
gfx1151:NVIDIA-Nemotron-3-Nano-Omni-Q8_0,tg128,d0,4,69.65,1.13,20.79,2.25,117.00,1.63,29.25,1.01,,,,,,
gfx1151:NVIDIA-Nemotron-3-Nano-Omni-Q8_0,pp2048,d8192,1,1051.53,161.17,1051.53,161.17,,,,,11423.76,1280.95,9030.04,1280.95,11423.76,1280.95
gfx1151:NVIDIA-Nemotron-3-Nano-Omni-Q8_0,tg128,d8192,1,55.03,0.25,55.03,0.25,57.00,0.82,57.00,0.82,,,,,,
gfx1151:NVIDIA-Nemotron-3-Nano-Omni-Q8_0,pp2048,d8192,2,738.67,3.34,477.28,73.04,,,,,21918.48,2767.96,19524.76,2767.96,21918.48,2767.96
gfx1151:NVIDIA-Nemotron-3-Nano-Omni-Q8_0,tg128,d8192,2,28.89,0.02,26.14,11.64,82.67,4.03,41.33,2.29,,,,,,
gfx1151:NVIDIA-Nemotron-3-Nano-Omni-Q8_0,pp2048,d8192,4,723.41,2.69,317.61,135.09,,,,,36340.89,12114.51,33947.18,12114.51,36340.89,12114.51
gfx1151:NVIDIA-Nemotron-3-Nano-Omni-Q8_0,tg128,d8192,4,14.08,0.31,10.47,7.55,101.33,10.08,26.17,2.30,,,,,,
gfx1151:NVIDIA-Nemotron-3-Nano-Omni-Q8_0,pp2048,d16384,1,805.67,2.90,805.67,2.90,,,,,22878.68,358.36,20484.96,358.36,22878.68,358.36
gfx1151:NVIDIA-Nemotron-3-Nano-Omni-Q8_0,tg128,d16384,1,53.80,0.52,53.80,0.52,57.33,3.40,57.33,3.40,,,,,,
gfx1151:NVIDIA-Nemotron-3-Nano-Omni-Q8_0,pp2048,d16384,2,712.15,0.08,504.44,128.07,,,,,37452.33,8984.24,35058.62,8984.24,37452.33,8984.24
gfx1151:NVIDIA-Nemotron-3-Nano-Omni-Q8_0,tg128,d16384,2,12.16,0.14,21.69,15.53,79.00,4.24,40.50,1.50,,,,,,
gfx1151:NVIDIA-Nemotron-3-Nano-Omni-Q8_0,pp2048,d16384,4,711.08,0.45,346.13,180.13,,,,,62796.26,24881.19,60402.54,24881.19,62796.26,24881.19
gfx1151:NVIDIA-Nemotron-3-Nano-Omni-Q8_0,tg128,d16384,4,7.31,0.06,8.25,8.38,94.33,7.93,26.58,3.38,,,,,,
gfx1151:NVIDIA-Nemotron-3-Super-120B-A12B-Q5_K_M,pp2048,d0,1,216.01,1.91,216.01,1.91,,,,,14007.10,186.60,8309.58,186.60,14007.10,186.60
gfx1151:NVIDIA-Nemotron-3-Super-120B-A12B-Q5_K_M,tg128,d0,1,13.94,0.15,13.94,0.15,16.33,0.47,16.33,0.47,,,,,,
gfx1151:NVIDIA-Nemotron-3-Super-120B-A12B-Q5_K_M,pp2048,d0,2,126.94,0.87,79.14,2.33,,,,,29312.80,886.70,23615.27,886.70,29312.80,886.70
gfx1151:NVIDIA-Nemotron-3-Super-120B-A12B-Q5_K_M,tg128,d0,2,17.94,0.14,9.06,0.11,21.33,0.94,11.00,0.00,,,,,,
gfx1151:NVIDIA-Nemotron-3-Super-120B-A12B-Q5_K_M,pp2048,d0,4,120.77,1.79,36.19,3.61,,,,,58118.86,4919.25,52421.34,4919.25,58118.86,4919.25
gfx1151:NVIDIA-Nemotron-3-Super-120B-A12B-Q5_K_M,tg128,d0,4,14.55,0.29,4.82,0.74,26.67,0.47,7.17,0.55,,,,,,
gfx1151:NVIDIA-Nemotron-3-Super-120B-A12B-Q5_K_M,pp2048,d8192,1,151.31,1.53,151.31,1.53,,,,,66880.76,1186.26,61183.24,1186.26,66880.76,1186.26
gfx1151:NVIDIA-Nemotron-3-Super-120B-A12B-Q5_K_M,tg128,d8192,1,13.81,0.05,13.81,0.05,15.67,0.47,15.67,0.47,,,,,,
gfx1151:NVIDIA-Nemotron-3-Super-120B-A12B-Q5_K_M,pp2048,d8192,2,136.36,0.31,81.95,10.77,,,,,119551.38,14980.20,113853.85,14980.20,119551.38,14980.20
gfx1151:NVIDIA-Nemotron-3-Super-120B-A12B-Q5_K_M,tg128,d8192,2,5.90,0.11,6.03,3.04,21.00,0.82,11.00,0.82,,,,,,
gfx1151:NVIDIA-Nemotron-3-Super-120B-A12B-Q5_K_M,pp2048,d8192,4,135.78,0.16,56.08,22.71,,,,,196103.37,65212.58,190405.85,65212.58,196103.37,65212.58
gfx1151:NVIDIA-Nemotron-3-Super-120B-A12B-Q5_K_M,tg128,d8192,4,2.72,0.01,2.41,1.94,26.67,0.94,8.42,1.50,,,,,,
gfx1151:NVIDIA-Nemotron-3-Super-120B-A12B-Q5_K_M,pp2048,d16384,1,141.31,0.41,141.31,0.41,,,,,123344.03,1356.28,117646.51,1356.28,123344.03,1356.28
gfx1151:NVIDIA-Nemotron-3-Super-120B-A12B-Q5_K_M,tg128,d16384,1,13.71,0.13,13.71,0.13,16.00,1.63,16.00,1.63,,,,,,
gfx1151:NVIDIA-Nemotron-3-Super-120B-A12B-Q5_K_M,pp2048,d16384,2,134.84,0.51,90.58,21.22,,,,,198991.62,46261.94,193294.10,46261.94,198991.62,46261.94
gfx1151:NVIDIA-Nemotron-3-Super-120B-A12B-Q5_K_M,tg128,d16384,2,2.44,0.08,5.19,3.95,20.67,0.47,11.67,0.94,,,,,,
gfx1151:NVIDIA-Nemotron-3-Super-120B-A12B-Q5_K_M,pp2048,d16384,4,136.07,0.35,62.71,31.22,,,,,331030.50,127587.74,325332.98,127587.74,331030.50,127587.74
gfx1151:NVIDIA-Nemotron-3-Super-120B-A12B-Q5_K_M,tg128,d16384,4,1.45,0.01,1.97,2.18,26.67,0.47,9.08,2.02,,,,,,
gfx1151:Qwen3.5-9B-Q5_K_M,pp2048,d0,1,3211.28,186.22,3211.28,186.22,,,,,2179.83,49.42,585.60,49.42,2179.83,49.42
gfx1151:Qwen3.5-9B-Q5_K_M,tg128,d0,1,35.00,1.11,35.00,1.11,39.67,0.94,39.67,0.94,,,,,,
gfx1151:Qwen3.5-9B-Q5_K_M,pp2048,d0,2,800.28,11.24,629.85,20.45,,,,,4458.18,66.08,2863.95,66.08,4458.18,66.08
gfx1151:Qwen3.5-9B-Q5_K_M,tg128,d0,2,61.75,1.31,31.19,0.69,69.33,0.47,35.33,0.75,,,,,,
gfx1151:Qwen3.5-9B-Q5_K_M,pp2048,d0,4,764.04,3.41,253.15,29.19,,,,,8940.60,734.68,7346.38,734.68,8940.60,734.68
gfx1151:Qwen3.5-9B-Q5_K_M,tg128,d0,4,77.98,1.16,23.74,2.67,120.00,1.41,30.08,0.49,,,,,,
gfx1151:Qwen3.5-9B-Q5_K_M,pp2048,d8192,1,996.46,0.95,996.46,0.95,,,,,10746.98,61.06,9152.75,61.06,10746.98,61.06
gfx1151:Qwen3.5-9B-Q5_K_M,tg128,d8192,1,34.78,1.15,34.78,1.15,39.00,1.41,39.00,1.41,,,,,,
gfx1151:Qwen3.5-9B-Q5_K_M,pp2048,d8192,2,828.93,0.66,524.12,80.96,,,,,19580.52,2655.19,17986.29,2655.19,19580.52,2655.19
gfx1151:Qwen3.5-9B-Q5_K_M,tg128,d8192,2,28.52,0.59,22.20,7.79,69.33,4.78,35.17,2.11,,,,,,
gfx1151:Qwen3.5-9B-Q5_K_M,pp2048,d8192,4,817.04,0.22,350.71,146.62,,,,,32356.44,10910.49,30762.21,10910.49,32356.44,10910.49
gfx1151:Qwen3.5-9B-Q5_K_M,tg128,d8192,4,16.45,0.37,11.02,6.97,104.33,8.96,26.67,2.78,,,,,,
gfx1151:Qwen3.5-9B-Q5_K_M,pp2048,d16384,1,855.83,0.31,855.83,0.31,,,,,20973.56,60.48,19379.33,60.48,20973.56,60.48
gfx1151:Qwen3.5-9B-Q5_K_M,tg128,d16384,1,31.74,0.89,31.74,0.89,35.33,1.70,35.33,1.70,,,,,,
gfx1151:Qwen3.5-9B-Q5_K_M,pp2048,d16384,2,773.03,2.53,537.42,137.14,,,,,34883.78,8460.29,33289.55,8460.29,34883.78,8460.29
gfx1151:Qwen3.5-9B-Q5_K_M,tg128,d16384,2,13.02,0.61,17.36,10.81,65.00,4.24,33.33,2.13,,,,,,
gfx1151:Qwen3.5-9B-Q5_K_M,pp2048,d16384,4,760.30,0.60,365.77,188.87,,,,,58738.91,23345.79,57144.68,23345.79,58738.91,23345.79
gfx1151:Qwen3.5-9B-Q5_K_M,tg128,d16384,4,8.20,0.10,7.83,7.22,83.67,3.09,23.42,2.25,,,,,,
gfx1151:Qwen3.6-27B-BF16,pp2048,d0,1,129.98,2.29,129.98,2.29,,,,,17233.72,497.13,14035.76,497.13,17233.72,497.13
gfx1151:Qwen3.6-27B-BF16,tg128,d0,1,4.47,0.18,4.47,0.18,8.67,2.36,8.67,2.36,,,,,,
gfx1151:Qwen3.6-27B-BF16,pp2048,d0,2,100.55,0.70,55.52,0.67,,,,,36671.55,705.40,33473.59,705.40,36671.55,705.40
gfx1151:Qwen3.6-27B-BF16,tg128,d0,2,7.51,0.21,3.80,0.16,13.67,3.09,7.17,1.77,,,,,,
gfx1151:Qwen3.6-27B-BF16,pp2048,d0,4,96.56,0.38,27.40,2.65,,,,,71248.31,5945.75,68050.35,5945.75,71248.31,5945.75
gfx1151:Qwen3.6-27B-BF16,tg128,d0,4,9.94,0.08,3.05,0.41,22.33,0.94,7.33,1.84,,,,,,
gfx1151:Qwen3.6-27B-BF16,pp2048,d8192,1,109.24,0.39,109.24,0.39,,,,,88887.45,679.07,85689.50,679.07,88887.45,679.07
gfx1151:Qwen3.6-27B-BF16,tg128,d8192,1,4.29,0.01,4.29,0.01,7.33,0.47,7.33,0.47,,,,,,
gfx1151:Qwen3.6-27B-BF16,pp2048,d8192,2,104.23,0.07,61.40,7.99,,,,,156773.29,20975.64,153575.33,20975.64,156773.29,20975.64
gfx1151:Qwen3.6-27B-BF16,tg128,d8192,2,3.42,0.03,2.68,0.97,11.33,0.47,6.00,0.00,,,,,,
gfx1151:Qwen3.6-27B-BF16,pp2048,d8192,4,103.49,0.55,42.40,16.90,,,,,256668.46,86868.47,253470.50,86868.47,256668.46,86868.47
gfx1151:Qwen3.6-27B-BF16,tg128,d8192,4,2.07,0.02,1.49,1.01,17.33,1.25,5.42,0.76,,,,,,
gfx1151:Qwen3.6-27B-BF16,pp2048,d16384,1,104.68,0.22,104.68,0.22,,,,,162869.48,448.50,159671.52,448.50,162869.48,448.50
gfx1151:Qwen3.6-27B-BF16,tg128,d16384,1,4.33,0.06,4.33,0.06,6.33,0.47,6.33,0.47,,,,,,
gfx1151:Qwen3.6-27B-BF16,pp2048,d16384,2,101.75,0.21,68.43,17.02,,,,,263179.07,64864.03,259981.12,64864.03,263179.07,64864.03
gfx1151:Qwen3.6-27B-BF16,tg128,d16384,2,1.66,0.05,2.23,1.37,11.00,0.82,6.33,0.47,,,,,,
gfx1151:Qwen3.6-27B-BF16,pp2048,d16384,4,100.83,0.10,45.92,22.35,,,,,449303.64,173537.67,446105.68,173537.67,449303.64,173537.67
gfx1151:Qwen3.6-27B-BF16,tg128,d16384,4,1.10,0.03,1.16,1.14,17.00,1.41,5.83,0.80,,,,,,
gfx1151:Qwen3.6-27B-MTP-Q8_0,pp2048,d0,1,205.38,2.28,205.38,2.28,,,,,9351.52,110.87,9115.34,110.87,9351.52,110.87
gfx1151:Qwen3.6-27B-MTP-Q8_0,tg128,d0,1,18.60,1.91,18.60,1.91,27.67,0.94,27.67,0.94,,,,,,
gfx1151:Qwen3.6-27B-MTP-Q8_0,pp2048,d0,2,195.05,0.84,99.84,2.17,,,,,18563.72,562.94,18327.55,562.94,18563.72,562.94
gfx1151:Qwen3.6-27B-MTP-Q8_0,tg128,d0,2,20.08,1.45,10.33,0.87,32.00,2.83,16.17,1.46,,,,,,
gfx1151:Qwen3.6-27B-MTP-Q8_0,pp2048,d0,4,184.11,1.70,50.86,5.37,,,,,37091.43,3344.70,36855.25,3344.70,37091.43,3344.70
gfx1151:Qwen3.6-27B-MTP-Q8_0,tg128,d0,4,16.11,0.21,4.95,0.58,38.33,3.86,12.58,2.60,,,,,,
gfx1151:Qwen3.6-27B-MTP-Q8_0,pp2048,d8192,1,196.64,0.33,196.64,0.33,,,,,47278.31,787.37,47042.13,787.37,47278.31,787.37
gfx1151:Qwen3.6-27B-MTP-Q8_0,tg128,d8192,1,17.89,0.86,17.89,0.86,26.67,0.47,26.67,0.47,,,,,,
gfx1151:Qwen3.6-27B-MTP-Q8_0,pp2048,d8192,2,195.01,0.41,113.27,14.86,,,,,83706.61,11544.53,83470.43,11544.53,83706.61,11544.53
gfx1151:Qwen3.6-27B-MTP-Q8_0,tg128,d8192,2,7.56,0.25,7.15,3.31,28.00,1.63,16.33,1.80,,,,,,
gfx1151:Qwen3.6-27B-MTP-Q8_0,pp2048,d8192,4,192.51,0.57,78.78,31.36,,,,,137133.24,47156.21,136897.07,47156.21,137133.24,47156.21
gfx1151:Qwen3.6-27B-MTP-Q8_0,tg128,d8192,4,3.80,0.03,2.68,1.85,35.00,0.82,12.58,3.40,,,,,,
gfx1151:Qwen3.6-27B-MTP-Q8_0,pp2048,d16384,1,188.55,0.29,188.55,0.29,,,,,88795.90,866.77,88559.73,866.77,88795.90,866.77
gfx1151:Qwen3.6-27B-MTP-Q8_0,tg128,d16384,1,16.49,0.72,16.49,0.72,27.33,0.47,27.33,0.47,,,,,,
gfx1151:Qwen3.6-27B-MTP-Q8_0,pp2048,d16384,2,186.91,0.40,124.39,30.37,,,,,142662.81,35432.00,142426.63,35432.00,142662.81,35432.00
gfx1151:Qwen3.6-27B-MTP-Q8_0,tg128,d16384,2,3.31,0.08,6.21,4.55,29.67,1.25,16.83,1.95,,,,,,
gfx1151:Qwen3.6-27B-MTP-Q8_0,pp2048,d16384,4,183.27,0.01,84.83,41.77,,,,,241889.80,96163.95,241653.62,96163.95,241889.80,96163.95
gfx1151:Qwen3.6-27B-MTP-Q8_0,tg128,d16384,4,1.98,0.03,2.24,2.32,34.00,1.41,12.50,3.99,,,,,,
gfx1151:Qwen3.6-27B-Q8_0,pp2048,d0,1,293.26,7.43,293.26,7.43,,,,,8202.59,408.53,6255.75,408.53,8202.59,408.53
gfx1151:Qwen3.6-27B-Q8_0,tg128,d0,1,8.27,0.09,8.27,0.09,11.33,0.47,11.33,0.47,,,,,,
gfx1151:Qwen3.6-27B-Q8_0,pp2048,d0,2,216.15,3.86,123.55,2.81,,,,,16692.34,335.64,14745.49,335.64,16692.34,335.64
gfx1151:Qwen3.6-27B-Q8_0,tg128,d0,2,15.84,0.77,8.02,0.58,22.67,0.94,12.17,1.86,,,,,,
gfx1151:Qwen3.6-27B-Q8_0,pp2048,d0,4,202.40,0.97,58.42,5.22,,,,,34097.18,3072.34,32150.33,3072.34,34097.18,3072.34
gfx1151:Qwen3.6-27B-Q8_0,tg128,d0,4,20.94,0.19,6.46,0.88,40.00,2.16,11.58,2.25,,,,,,
gfx1151:Qwen3.6-27B-Q8_0,pp2048,d8192,1,230.17,1.17,230.17,1.17,,,,,41707.68,906.97,39760.84,906.97,41707.68,906.97
gfx1151:Qwen3.6-27B-Q8_0,tg128,d8192,1,8.10,0.07,8.10,0.07,11.67,0.94,11.67,0.94,,,,,,
gfx1151:Qwen3.6-27B-Q8_0,pp2048,d8192,2,220.49,0.26,131.31,18.59,,,,,74464.04,10194.16,72517.20,10194.16,74464.04,10194.16
gfx1151:Qwen3.6-27B-Q8_0,tg128,d8192,2,7.10,0.10,5.56,1.97,19.33,0.47,10.17,0.37,,,,,,
gfx1151:Qwen3.6-27B-Q8_0,pp2048,d8192,4,220.77,0.02,89.83,35.76,,,,,120393.21,39937.72,118446.36,39937.72,120393.21,39937.72
gfx1151:Qwen3.6-27B-Q8_0,tg128,d8192,4,4.37,0.10,3.11,2.13,34.00,1.63,10.17,2.03,,,,,,
gfx1151:Qwen3.6-27B-Q8_0,pp2048,d16384,1,216.78,0.23,216.78,0.23,,,,,79314.07,328.20,77367.22,328.20,79314.07,328.20
gfx1151:Qwen3.6-27B-Q8_0,tg128,d16384,1,8.13,0.23,8.13,0.23,11.33,0.47,11.33,0.47,,,,,,
gfx1151:Qwen3.6-27B-Q8_0,pp2048,d16384,2,212.07,0.21,143.09,35.16,,,,,126286.13,31180.44,124339.29,31180.44,126286.13,31180.44
gfx1151:Qwen3.6-27B-Q8_0,tg128,d16384,2,3.39,0.02,4.49,2.77,18.00,0.82,10.17,0.37,,,,,,
gfx1151:Qwen3.6-27B-Q8_0,pp2048,d16384,4,210.30,0.13,95.80,46.84,,,,,215211.22,82556.34,213264.37,82556.34,215211.22,82556.34
gfx1151:Qwen3.6-27B-Q8_0,tg128,d16384,4,2.28,0.03,2.24,2.09,30.33,1.25,8.67,1.11,,,,,,
gfx1151:Qwen3.6-27B-UD-Q4_K_XL,pp2048,d0,1,357.36,2.60,357.36,2.60,,,,,7066.19,45.15,5143.90,45.15,7066.19,45.15
gfx1151:Qwen3.6-27B-UD-Q4_K_XL,tg128,d0,1,13.35,0.52,13.35,0.52,18.33,3.40,18.33,3.40,,,,,,
gfx1151:Qwen3.6-27B-UD-Q4_K_XL,pp2048,d0,2,253.76,1.48,147.01,2.28,,,,,14804.40,122.24,12882.11,122.24,14804.40,122.24
gfx1151:Qwen3.6-27B-UD-Q4_K_XL,tg128,d0,2,22.28,0.24,11.27,0.16,29.33,1.89,14.67,1.11,,,,,,
gfx1151:Qwen3.6-27B-UD-Q4_K_XL,pp2048,d0,4,238.12,1.28,69.20,7.37,,,,,28764.67,2366.13,26842.38,2366.13,28764.67,2366.13
gfx1151:Qwen3.6-27B-UD-Q4_K_XL,tg128,d0,4,27.38,0.05,8.56,1.33,61.67,13.89,16.33,3.32,,,,,,
gfx1151:Qwen3.6-27B-UD-Q4_K_XL,pp2048,d8192,1,268.14,0.77,268.14,0.77,,,,,36646.06,359.97,34723.77,359.97,36646.06,359.97
gfx1151:Qwen3.6-27B-UD-Q4_K_XL,tg128,d8192,1,12.22,0.10,12.22,0.10,15.33,0.47,15.33,0.47,,,,,,
gfx1151:Qwen3.6-27B-UD-Q4_K_XL,pp2048,d8192,2,254.32,0.25,152.41,22.65,,,,,64513.25,8920.42,62590.96,8920.42,64513.25,8920.42
gfx1151:Qwen3.6-27B-UD-Q4_K_XL,tg128,d8192,2,9.05,0.02,7.70,3.10,26.67,0.47,14.00,0.58,,,,,,
gfx1151:Qwen3.6-27B-UD-Q4_K_XL,pp2048,d8192,4,252.96,0.38,103.86,41.30,,,,,105185.45,35256.84,103263.16,35256.84,105185.45,35256.84
gfx1151:Qwen3.6-27B-UD-Q4_K_XL,tg128,d8192,4,5.13,0.03,3.83,2.72,41.67,1.89,11.75,0.60,,,,,,
gfx1151:Qwen3.6-27B-UD-Q4_K_XL,pp2048,d16384,1,249.00,0.40,249.00,0.40,,,,,69209.40,529.36,67287.11,529.36,69209.40,529.36
gfx1151:Qwen3.6-27B-UD-Q4_K_XL,tg128,d16384,1,12.23,0.19,12.23,0.19,16.33,1.25,16.33,1.25,,,,,,
gfx1151:Qwen3.6-27B-UD-Q4_K_XL,pp2048,d16384,2,241.26,0.45,163.03,40.71,,,,,110270.28,27068.73,108347.99,27068.73,110270.28,27068.73
gfx1151:Qwen3.6-27B-UD-Q4_K_XL,tg128,d16384,2,4.07,0.13,6.17,4.11,25.33,1.25,13.17,0.37,,,,,,
gfx1151:Qwen3.6-27B-UD-Q4_K_XL,pp2048,d16384,4,238.67,0.13,110.94,54.91,,,,,186800.25,73902.39,184877.96,73902.39,186800.25,73902.39
gfx1151:Qwen3.6-27B-UD-Q4_K_XL,tg128,d16384,4,2.62,0.05,2.83,2.80,35.67,0.47,10.42,1.38,,,,,,
gfx1151:Qwen3.6-27B-UD-Q5_K_XL,pp2048,d0,1,266.11,4.11,266.11,4.11,,,,,8828.44,289.64,6921.01,289.64,8828.44,289.64
gfx1151:Qwen3.6-27B-UD-Q5_K_XL,tg128,d0,1,11.43,0.61,11.43,0.61,14.67,0.94,14.67,0.94,,,,,,
gfx1151:Qwen3.6-27B-UD-Q5_K_XL,pp2048,d0,2,124.66,0.43,166.89,98.60,,,,,19590.21,10753.94,17682.78,10753.94,19590.21,10753.94
gfx1151:Qwen3.6-27B-UD-Q5_K_XL,tg128,d0,2,8.38,0.25,11.61,0.64,17.33,3.40,15.83,2.85,,,,,,
gfx1151:Qwen3.6-27B-UD-Q5_K_XL,pp2048,d0,4,102.39,0.28,98.31,96.29,,,,,40589.04,23635.91,38681.61,23635.91,40589.04,23635.91
gfx1151:Qwen3.6-27B-UD-Q5_K_XL,tg128,d0,4,7.47,0.20,11.63,0.66,18.67,2.36,16.42,2.50,,,,,,
gfx1151:Qwen3.6-27B-UD-Q5_K_XL,pp2048,d8192,1,213.60,0.21,213.60,0.21,,,,,45285.20,52.08,43377.77,52.08,45285.20,52.08
gfx1151:Qwen3.6-27B-UD-Q5_K_XL,tg128,d8192,1,11.09,0.36,11.09,0.36,15.33,1.89,15.33,1.89,,,,,,
gfx1151:Qwen3.6-27B-UD-Q5_K_XL,pp2048,d8192,2,180.56,0.31,152.90,60.71,,,,,74499.13,28966.66,72591.70,28966.66,74499.13,28966.66
gfx1151:Qwen3.6-27B-UD-Q5_K_XL,tg128,d8192,2,3.88,0.02,11.02,0.10,14.67,0.47,14.33,0.47,,,,,,
gfx1151:Qwen3.6-27B-UD-Q5_K_XL,pp2048,d8192,4,170.38,0.17,101.85,67.00,,,,,132247.56,64665.38,130340.13,64665.38,132247.56,64665.38
gfx1151:Qwen3.6-27B-UD-Q5_K_XL,tg128,d8192,4,2.97,0.03,11.18,0.20,15.33,0.47,14.58,0.64,,,,,,
gfx1151:Qwen3.6-27B-UD-Q5_K_XL,pp2048,d16384,1,201.06,0.22,201.06,0.22,,,,,85766.38,386.10,83858.95,386.10,85766.38,386.10
gfx1151:Qwen3.6-27B-UD-Q5_K_XL,tg128,d16384,1,11.04,0.41,11.04,0.41,14.00,0.00,14.00,0.00,,,,,,
gfx1151:Qwen3.6-27B-UD-Q5_K_XL,pp2048,d16384,2,183.38,0.09,147.40,54.35,,,,,133175.45,48884.26,131268.02,48884.26,133175.45,48884.26
gfx1151:Qwen3.6-27B-UD-Q5_K_XL,tg128,d16384,2,2.52,0.02,11.06,0.11,15.67,0.94,15.17,1.07,,,,,,
gfx1151:Qwen3.6-27B-UD-Q5_K_XL,pp2048,d16384,4,177.28,0.08,99.70,61.25,,,,,230777.49,108800.13,228870.06,108800.13,230777.49,108800.13
gfx1151:Qwen3.6-27B-UD-Q5_K_XL,tg128,d16384,4,1.82,0.02,11.02,0.22,16.33,2.05,14.75,1.42,,,,,,
gfx1151:Qwen3.6-27B-UD-Q6_K_XL,pp2048,d0,1,200.70,2.81,200.70,2.81,,,,,11047.83,344.62,9190.53,344.62,11047.83,344.62
gfx1151:Qwen3.6-27B-UD-Q6_K_XL,tg128,d0,1,9.36,0.66,9.36,0.66,17.33,3.68,17.33,3.68,,,,,,
gfx1151:Qwen3.6-27B-UD-Q6_K_XL,pp2048,d0,2,96.96,0.97,124.19,72.35,,,,,24702.69,13570.57,22845.39,13570.57,24702.69,13570.57
gfx1151:Qwen3.6-27B-UD-Q6_K_XL,tg128,d0,2,6.43,0.10,8.70,0.20,12.33,0.47,12.00,0.58,,,,,,
gfx1151:Qwen3.6-27B-UD-Q6_K_XL,pp2048,d0,4,80.24,0.48,75.37,73.46,,,,,51541.36,30241.99,49684.06,30241.99,51541.36,30241.99
gfx1151:Qwen3.6-27B-UD-Q6_K_XL,tg128,d0,4,5.89,0.31,8.99,0.57,15.67,1.25,13.92,2.02,,,,,,
gfx1151:Qwen3.6-27B-UD-Q6_K_XL,pp2048,d8192,1,171.08,0.19,171.08,0.19,,,,,55496.71,497.15,53639.41,497.15,55496.71,497.15
gfx1151:Qwen3.6-27B-UD-Q6_K_XL,tg128,d8192,1,8.26,0.18,8.26,0.18,11.00,0.00,11.00,0.00,,,,,,
gfx1151:Qwen3.6-27B-UD-Q6_K_XL,pp2048,d8192,2,144.90,0.15,122.58,48.81,,,,,91540.80,35968.64,89683.51,35968.64,91540.80,35968.64
gfx1151:Qwen3.6-27B-UD-Q6_K_XL,tg128,d8192,2,3.12,0.02,8.53,0.06,11.33,0.47,11.17,0.37,,,,,,
gfx1151:Qwen3.6-27B-UD-Q6_K_XL,pp2048,d8192,4,136.27,0.03,81.60,53.46,,,,,163862.38,80953.05,162005.08,80953.05,163862.38,80953.05
gfx1151:Qwen3.6-27B-UD-Q6_K_XL,tg128,d8192,4,2.36,0.01,8.57,0.13,12.00,0.82,11.25,0.60,,,,,,
gfx1151:Qwen3.6-27B-UD-Q6_K_XL,pp2048,d16384,1,163.78,0.24,163.78,0.24,,,,,103622.54,370.01,101765.25,370.01,103622.54,370.01
gfx1151:Qwen3.6-27B-UD-Q6_K_XL,tg128,d16384,1,8.44,0.20,8.44,0.20,11.33,0.47,11.33,0.47,,,,,,
gfx1151:Qwen3.6-27B-UD-Q6_K_XL,pp2048,d16384,2,148.84,0.03,119.59,43.89,,,,,163360.10,60516.93,161502.81,60516.93,163360.10,60516.93
gfx1151:Qwen3.6-27B-UD-Q6_K_XL,tg128,d16384,2,2.00,0.02,8.43,0.16,11.67,0.47,11.33,0.47,,,,,,
gfx1151:Qwen3.6-27B-UD-Q6_K_XL,pp2048,d16384,4,143.72,0.09,80.93,49.70,,,,,284384.19,134746.37,282526.90,134746.37,284384.19,134746.37
gfx1151:Qwen3.6-27B-UD-Q6_K_XL,tg128,d16384,4,1.46,0.01,8.48,0.19,11.67,0.47,11.17,0.37,,,,,,
gfx1151:Qwen3.6-35B-A3B-BF16,pp2048,d0,1,651.22,19.01,651.22,19.01,,,,,7103.89,70.87,2818.79,70.87,7103.89,70.87
gfx1151:Qwen3.6-35B-A3B-BF16,tg128,d0,1,12.24,0.60,12.24,0.60,17.67,2.62,17.67,2.62,,,,,,
gfx1151:Qwen3.6-35B-A3B-BF16,pp2048,d0,2,243.89,9.81,172.79,13.25,,,,,15023.86,931.68,10738.76,931.68,15023.86,931.68
gfx1151:Qwen3.6-35B-A3B-BF16,tg128,d0,2,12.76,1.72,6.43,0.91,20.67,3.68,11.17,3.29,,,,,,
gfx1151:Qwen3.6-35B-A3B-BF16,pp2048,d0,4,217.25,4.46,69.39,7.97,,,,,31250.75,3058.04,26965.65,3058.04,31250.75,3058.04
gfx1151:Qwen3.6-35B-A3B-BF16,tg128,d0,4,10.74,0.34,2.96,0.20,28.00,2.94,8.00,1.00,,,,,,
gfx1151:Qwen3.6-35B-A3B-BF16,pp2048,d8192,1,319.46,2.17,319.46,2.17,,,,,33188.17,436.87,28903.07,436.87,33188.17,436.87
gfx1151:Qwen3.6-35B-A3B-BF16,tg128,d8192,1,11.28,0.10,11.28,0.10,14.00,0.00,14.00,0.00,,,,,,
gfx1151:Qwen3.6-35B-A3B-BF16,pp2048,d8192,2,270.78,1.79,168.92,24.76,,,,,60268.45,8133.75,55983.35,8133.75,60268.45,8133.75
gfx1151:Qwen3.6-35B-A3B-BF16,tg128,d8192,2,8.00,0.18,5.82,1.82,21.00,0.00,11.17,0.37,,,,,,
gfx1151:Qwen3.6-35B-A3B-BF16,pp2048,d8192,4,262.78,0.34,112.63,47.66,,,,,100400.88,34306.97,96115.78,34306.97,100400.88,34306.97
gfx1151:Qwen3.6-35B-A3B-BF16,tg128,d8192,4,4.19,0.02,1.99,0.83,23.00,2.16,7.42,1.44,,,,,,
gfx1151:Qwen3.6-35B-A3B-BF16,pp2048,d16384,1,297.21,1.34,297.21,1.34,,,,,60728.89,135.93,56443.79,135.93,60728.89,135.93
gfx1151:Qwen3.6-35B-A3B-BF16,tg128,d16384,1,11.43,0.23,11.43,0.23,15.67,1.70,15.67,1.70,,,,,,
gfx1151:Qwen3.6-35B-A3B-BF16,pp2048,d16384,2,271.24,0.71,188.93,47.65,,,,,99049.13,24395.89,94764.04,24395.89,99049.13,24395.89
gfx1151:Qwen3.6-35B-A3B-BF16,tg128,d16384,2,4.08,0.05,4.76,2.68,19.00,0.00,10.67,0.47,,,,,,
gfx1151:Qwen3.6-35B-A3B-BF16,pp2048,d16384,4,264.69,1.24,124.99,62.57,,,,,169133.71,65842.30,164848.61,65842.30,169133.71,65842.30
gfx1151:Qwen3.6-35B-A3B-BF16,tg128,d16384,4,2.56,0.04,1.64,1.08,24.00,3.74,8.58,2.18,,,,,,
gfx1151:Qwen3.6-35B-A3B-MTP-BF16,pp2048,d0,1,240.36,2.40,240.36,2.40,,,,,8324.47,123.12,7904.58,123.12,8324.47,123.12
gfx1151:Qwen3.6-35B-A3B-MTP-BF16,tg128,d0,1,12.37,0.64,12.37,0.64,20.67,1.70,20.67,1.70,,,,,,
gfx1151:Qwen3.6-35B-A3B-MTP-BF16,pp2048,d0,2,212.51,1.07,110.96,3.57,,,,,17025.78,452.45,16605.90,452.45,17025.78,452.45
gfx1151:Qwen3.6-35B-A3B-MTP-BF16,tg128,d0,2,11.71,1.03,6.05,0.54,26.00,1.63,14.33,2.21,,,,,,
gfx1151:Qwen3.6-35B-A3B-MTP-BF16,pp2048,d0,4,209.10,2.22,58.77,6.05,,,,,32487.84,3098.84,32067.95,3098.84,32487.84,3098.84
gfx1151:Qwen3.6-35B-A3B-MTP-BF16,tg128,d0,4,11.42,0.34,3.33,0.42,37.67,0.94,11.83,2.23,,,,,,
gfx1151:Qwen3.6-35B-A3B-MTP-BF16,pp2048,d8192,1,243.75,1.44,243.75,1.44,,,,,38663.49,367.92,38243.60,367.92,38663.49,367.92
gfx1151:Qwen3.6-35B-A3B-MTP-BF16,tg128,d8192,1,13.23,0.64,13.23,0.64,21.33,0.94,21.33,0.94,,,,,,
gfx1151:Qwen3.6-35B-A3B-MTP-BF16,pp2048,d8192,2,238.99,1.92,140.71,20.66,,,,,68108.74,9906.44,67688.86,9906.44,68108.74,9906.44
gfx1151:Qwen3.6-35B-A3B-MTP-BF16,tg128,d8192,2,6.70,0.33,4.99,1.63,23.00,0.82,13.50,2.06,,,,,,
gfx1151:Qwen3.6-35B-A3B-MTP-BF16,pp2048,d8192,4,229.64,0.63,94.79,38.88,,,,,113403.46,39540.10,112983.58,39540.10,113403.46,39540.10
gfx1151:Qwen3.6-35B-A3B-MTP-BF16,tg128,d8192,4,4.07,0.05,2.31,1.18,34.00,0.82,11.83,3.89,,,,,,
gfx1151:Qwen3.6-35B-A3B-MTP-BF16,pp2048,d16384,1,245.33,1.47,245.33,1.47,,,,,68094.88,587.60,67674.99,587.60,68094.88,587.60
gfx1151:Qwen3.6-35B-A3B-MTP-BF16,tg128,d16384,1,12.71,0.74,12.71,0.74,19.67,0.47,19.67,0.47,,,,,,
gfx1151:Qwen3.6-35B-A3B-MTP-BF16,pp2048,d16384,2,236.94,0.06,158.89,39.90,,,,,112484.85,28291.20,112064.96,28291.20,112484.85,28291.20
gfx1151:Qwen3.6-35B-A3B-MTP-BF16,tg128,d16384,2,3.68,0.13,4.65,2.78,25.33,0.47,15.50,2.50,,,,,,
gfx1151:Qwen3.6-35B-A3B-MTP-BF16,pp2048,d16384,4,228.95,0.80,106.60,54.55,,,,,194412.23,77552.73,193992.35,77552.73,194412.23,77552.73
gfx1151:Qwen3.6-35B-A3B-MTP-BF16,tg128,d16384,4,2.34,0.03,2.02,1.69,31.33,2.62,11.58,4.19,,,,,,
gfx1151:Qwen3.6-35B-A3B-Q8_0,tg128,d0,1,64.94,6.58,64.94,6.58,72.00,9.27,72.00,9.27,,,,,,
gfx1151:Qwen3.6-35B-A3B-Q8_0,pp2048,d0,2,904.10,9.72,1158.76,68.45,,,,,4102.88,94.01,1618.32,94.01,4102.88,94.01
gfx1151:Qwen3.6-35B-A3B-Q8_0,tg128,d0,2,64.02,14.01,32.27,7.18,72.00,14.72,37.17,7.90,,,,,,
gfx1151:Qwen3.6-35B-A3B-Q8_0,pp2048,d0,4,840.22,10.11,330.07,38.59,,,,,8196.07,727.87,5711.51,727.87,8196.07,727.87
gfx1151:Qwen3.6-35B-A3B-Q8_0,tg128,d0,4,82.69,1.73,25.32,3.36,127.67,7.04,32.75,3.17,,,,,,
gfx1151:Qwen3.6-35B-A3B-Q8_0,pp2048,d8192,1,1244.12,11.32,1244.12,11.32,,,,,9972.53,84.30,7487.97,84.30,9972.53,84.30
gfx1151:Qwen3.6-35B-A3B-Q8_0,tg128,d8192,1,54.74,1.36,54.74,1.36,56.67,0.94,56.67,0.94,,,,,,
gfx1151:Qwen3.6-35B-A3B-Q8_0,pp2048,d8192,2,920.46,2.69,622.79,99.00,,,,,17623.21,2359.27,15138.65,2359.27,17623.21,2359.27
gfx1151:Qwen3.6-35B-A3B-Q8_0,tg128,d8192,2,32.78,1.12,27.13,10.71,84.00,2.94,42.33,1.97,,,,,,
gfx1151:Qwen3.6-35B-A3B-Q8_0,pp2048,d8192,4,906.93,3.11,412.99,183.88,,,,,29240.51,9883.63,26755.95,9883.63,29240.51,9883.63
gfx1151:Qwen3.6-35B-A3B-Q8_0,tg128,d8192,4,18.03,0.08,12.72,8.65,112.00,4.24,30.08,1.61,,,,,,
gfx1151:Qwen3.6-35B-A3B-Q8_0,pp2048,d16384,1,1023.51,4.85,1023.51,4.85,,,,,18721.21,60.91,16236.65,60.91,18721.21,60.91
gfx1151:Qwen3.6-35B-A3B-Q8_0,tg128,d16384,1,51.28,0.67,51.28,0.67,54.33,0.94,54.33,0.94,,,,,,
gfx1151:Qwen3.6-35B-A3B-Q8_0,pp2048,d16384,2,875.05,2.02,644.69,175.55,,,,,30607.83,7735.25,28123.27,7735.25,30607.83,7735.25
gfx1151:Qwen3.6-35B-A3B-Q8_0,tg128,d16384,2,14.56,0.43,22.88,15.59,82.00,2.16,41.33,1.89,,,,,,
gfx1151:Qwen3.6-35B-A3B-Q8_0,pp2048,d16384,4,867.14,2.42,416.93,211.82,,,,,52274.78,19925.09,49790.22,19925.09,52274.78,19925.09
gfx1151:Qwen3.6-35B-A3B-Q8_0,tg128,d16384,4,9.49,0.15,9.57,9.15,103.67,1.89,29.08,2.81,,,,,,
gfx1151:Qwen3.6-35B-A3B-UD-IQ1_M,pp2048,d0,1,1090.35,11.62,1090.35,11.62,,,,,1880.73,25.64,1718.86,25.64,1880.73,25.64
gfx1151:Qwen3.6-35B-A3B-UD-IQ1_M,tg128,d0,1,79.65,6.98,79.65,6.98,86.33,0.47,86.33,0.47,,,,,,
gfx1151:Qwen3.6-35B-A3B-UD-IQ1_M,pp2048,d0,2,915.78,9.67,481.20,6.25,,,,,4057.13,38.25,3895.26,38.25,4057.13,38.25
gfx1151:Qwen3.6-35B-A3B-UD-IQ1_M,tg128,d0,2,122.59,1.82,62.27,1.63,130.67,1.25,65.67,1.37,,,,,,
gfx1151:Qwen3.6-35B-A3B-UD-IQ1_M,pp2048,d0,4,864.24,1.42,238.55,19.77,,,,,8016.07,660.01,7854.20,660.01,8016.07,660.01
gfx1151:Qwen3.6-35B-A3B-UD-IQ1_M,tg128,d0,4,107.63,2.31,34.80,5.12,168.00,2.16,43.25,1.96,,,,,,
gfx1151:Qwen3.6-35B-A3B-UD-IQ1_M,pp2048,d8192,1,1021.79,6.90,1021.79,6.90,,,,,9259.22,44.98,9097.35,44.98,9259.22,44.98
gfx1151:Qwen3.6-35B-A3B-UD-IQ1_M,tg128,d8192,1,79.49,2.75,79.49,2.75,83.33,3.68,83.33,3.68,,,,,,
gfx1151:Qwen3.6-35B-A3B-UD-IQ1_M,pp2048,d8192,2,970.48,2.66,570.27,82.19,,,,,16833.69,2366.22,16671.83,2366.22,16833.69,2366.22
gfx1151:Qwen3.6-35B-A3B-UD-IQ1_M,tg128,d8192,2,38.03,1.16,37.87,18.94,116.33,1.70,58.67,1.11,,,,,,
gfx1151:Qwen3.6-35B-A3B-UD-IQ1_M,pp2048,d8192,4,945.78,0.57,374.69,150.15,,,,,28573.35,9228.13,28411.48,9228.13,28573.35,9228.13
gfx1151:Qwen3.6-35B-A3B-UD-IQ1_M,tg128,d8192,4,19.61,0.17,15.83,11.66,142.33,0.94,38.08,2.81,,,,,,
gfx1151:Qwen3.6-35B-A3B-UD-IQ1_M,pp2048,d16384,1,961.61,2.29,961.61,2.29,,,,,17435.36,128.00,17273.49,128.00,17435.36,128.00
gfx1151:Qwen3.6-35B-A3B-UD-IQ1_M,tg128,d16384,1,76.71,0.44,76.71,0.44,79.67,0.47,79.67,0.47,,,,,,
gfx1151:Qwen3.6-35B-A3B-UD-IQ1_M,pp2048,d16384,2,929.12,1.64,586.08,115.89,,,,,29672.55,6049.85,29510.68,6049.85,29672.55,6049.85
gfx1151:Qwen3.6-35B-A3B-UD-IQ1_M,tg128,d16384,2,18.67,0.18,30.91,21.47,109.00,0.82,55.00,0.82,,,,,,
gfx1151:Qwen3.6-35B-A3B-UD-IQ1_M,pp2048,d16384,4,907.50,2.05,397.73,179.41,,,,,49908.09,18552.41,49746.22,18552.41,49908.09,18552.41
gfx1151:Qwen3.6-35B-A3B-UD-IQ1_M,tg128,d16384,4,10.30,0.13,11.34,11.45,121.33,1.25,34.00,2.97,,,,,,
gfx1151:Qwen3.6-35B-A3B-UD-Q2_K_XL,pp2048,d0,1,1058.79,15.44,1058.79,15.44,,,,,1916.15,6.70,1785.94,6.70,1916.15,6.70
gfx1151:Qwen3.6-35B-A3B-UD-Q2_K_XL,tg128,d0,1,82.17,2.92,82.17,2.92,84.00,2.16,84.00,2.16,,,,,,
gfx1151:Qwen3.6-35B-A3B-UD-Q2_K_XL,pp2048,d0,2,918.04,1.42,478.31,6.73,,,,,4094.06,46.87,3963.85,46.87,4094.06,46.87
gfx1151:Qwen3.6-35B-A3B-UD-Q2_K_XL,tg128,d0,2,119.24,1.50,60.51,1.66,128.67,1.89,64.50,1.71,,,,,,
gfx1151:Qwen3.6-35B-A3B-UD-Q2_K_XL,pp2048,d0,4,855.02,6.16,235.51,24.11,,,,,8032.76,666.75,7902.56,666.75,8032.76,666.75
gfx1151:Qwen3.6-35B-A3B-UD-Q2_K_XL,tg128,d0,4,103.60,2.70,33.18,4.81,160.33,0.94,40.83,1.52,,,,,,
gfx1151:Qwen3.6-35B-A3B-UD-Q2_K_XL,pp2048,d8192,1,988.20,3.01,988.20,3.01,,,,,9419.82,42.78,9289.61,42.78,9419.82,42.78
gfx1151:Qwen3.6-35B-A3B-UD-Q2_K_XL,tg128,d8192,1,78.61,0.68,78.61,0.68,82.33,0.47,82.33,0.47,,,,,,
gfx1151:Qwen3.6-35B-A3B-UD-Q2_K_XL,pp2048,d8192,2,946.69,4.31,553.24,74.09,,,,,17273.41,2412.27,17143.21,2412.27,17273.41,2412.27
gfx1151:Qwen3.6-35B-A3B-UD-Q2_K_XL,tg128,d8192,2,37.90,2.20,36.99,17.83,114.00,0.82,57.83,1.46,,,,,,
gfx1151:Qwen3.6-35B-A3B-UD-Q2_K_XL,pp2048,d8192,4,922.33,2.11,363.27,145.83,,,,,29237.50,9406.49,29107.29,9406.49,29237.50,9406.49
gfx1151:Qwen3.6-35B-A3B-UD-Q2_K_XL,tg128,d8192,4,19.25,0.26,15.53,11.17,146.00,4.55,37.83,2.94,,,,,,
gfx1151:Qwen3.6-35B-A3B-UD-Q2_K_XL,pp2048,d16384,1,936.04,2.65,936.04,2.65,,,,,18112.66,166.33,17982.45,166.33,18112.66,166.33
gfx1151:Qwen3.6-35B-A3B-UD-Q2_K_XL,tg128,d16384,1,75.00,0.64,75.00,0.64,79.67,0.47,79.67,0.47,,,,,,
gfx1151:Qwen3.6-35B-A3B-UD-Q2_K_XL,pp2048,d16384,2,910.90,1.72,576.58,119.53,,,,,30446.34,6285.50,30316.13,6285.50,30446.34,6285.50
gfx1151:Qwen3.6-35B-A3B-UD-Q2_K_XL,tg128,d16384,2,17.91,0.26,29.82,20.82,104.33,1.25,52.50,1.12,,,,,,
gfx1151:Qwen3.6-35B-A3B-UD-Q2_K_XL,pp2048,d16384,4,886.46,2.48,390.52,178.83,,,,,51240.21,19101.14,51110.01,19101.14,51240.21,19101.14
gfx1151:Qwen3.6-35B-A3B-UD-Q2_K_XL,tg128,d16384,4,9.97,0.06,11.07,11.32,121.33,2.05,33.25,3.06,,,,,,
gfx1151:Qwen3.6-35B-A3B-UD-Q3_K_XL,pp2048,d0,1,1002.58,12.84,1002.58,12.84,,,,,1939.44,23.62,1806.52,23.62,1939.44,23.62
gfx1151:Qwen3.6-35B-A3B-UD-Q3_K_XL,tg128,d0,1,66.15,0.26,66.15,0.26,68.00,0.82,68.00,0.82,,,,,,
gfx1151:Qwen3.6-35B-A3B-UD-Q3_K_XL,pp2048,d0,2,874.17,5.88,455.51,3.95,,,,,4233.87,45.94,4100.96,45.94,4233.87,45.94
gfx1151:Qwen3.6-35B-A3B-UD-Q3_K_XL,tg128,d0,2,101.73,2.20,51.63,2.19,110.67,1.89,56.33,3.14,,,,,,
gfx1151:Qwen3.6-35B-A3B-UD-Q3_K_XL,pp2048,d0,4,808.90,8.19,222.44,21.34,,,,,8528.85,699.08,8395.93,699.08,8528.85,699.08
gfx1151:Qwen3.6-35B-A3B-UD-Q3_K_XL,tg128,d0,4,95.94,1.72,30.26,4.20,145.00,0.82,37.50,2.18,,,,,,
gfx1151:Qwen3.6-35B-A3B-UD-Q3_K_XL,pp2048,d8192,1,947.11,4.15,947.11,4.15,,,,,9960.77,19.50,9827.86,19.50,9960.77,19.50
gfx1151:Qwen3.6-35B-A3B-UD-Q3_K_XL,tg128,d8192,1,63.13,0.41,63.13,0.41,66.00,0.82,66.00,0.82,,,,,,
gfx1151:Qwen3.6-35B-A3B-UD-Q3_K_XL,pp2048,d8192,2,908.77,1.76,533.35,76.75,,,,,18063.72,2553.39,17930.80,2553.39,18063.72,2553.39
gfx1151:Qwen3.6-35B-A3B-UD-Q3_K_XL,tg128,d8192,2,34.29,0.52,32.10,14.73,98.00,0.82,49.67,0.94,,,,,,
gfx1151:Qwen3.6-35B-A3B-UD-Q3_K_XL,pp2048,d8192,4,891.68,1.48,352.45,141.65,,,,,30341.14,9773.60,30208.22,9773.60,30341.14,9773.60
gfx1151:Qwen3.6-35B-A3B-UD-Q3_K_XL,tg128,d8192,4,17.84,0.22,13.42,9.31,121.00,1.41,31.17,0.99,,,,,,
gfx1151:Qwen3.6-35B-A3B-UD-Q3_K_XL,pp2048,d16384,1,900.93,3.09,900.93,3.09,,,,,18581.81,180.39,18448.89,180.39,18581.81,180.39
gfx1151:Qwen3.6-35B-A3B-UD-Q3_K_XL,tg128,d16384,1,61.15,0.76,61.15,0.76,65.00,0.82,65.00,0.82,,,,,,
gfx1151:Qwen3.6-35B-A3B-UD-Q3_K_XL,pp2048,d16384,2,878.63,5.46,554.24,114.48,,,,,31499.36,6410.92,31366.45,6410.92,31499.36,6410.92
gfx1151:Qwen3.6-35B-A3B-UD-Q3_K_XL,tg128,d16384,2,17.30,0.26,26.20,17.46,89.67,0.47,46.00,1.29,,,,,,
gfx1151:Qwen3.6-35B-A3B-UD-Q3_K_XL,pp2048,d16384,4,859.71,0.99,377.92,172.09,,,,,52877.41,19665.14,52744.49,19665.14,52877.41,19665.14
gfx1151:Qwen3.6-35B-A3B-UD-Q3_K_XL,tg128,d16384,4,9.60,0.10,10.13,10.02,107.33,0.94,30.17,3.65,,,,,,
gfx1151:Qwen3.6-35B-A3B-UD-Q5_K_XL,pp2048,d0,1,4143.26,212.32,4143.26,212.32,,,,,2082.15,29.90,443.93,29.90,2082.15,29.90
gfx1151:Qwen3.6-35B-A3B-UD-Q5_K_XL,tg128,d0,1,60.69,1.79,60.69,1.79,64.00,2.94,64.00,2.94,,,,,,
gfx1151:Qwen3.6-35B-A3B-UD-Q5_K_XL,pp2048,d0,2,811.52,4.89,640.78,9.72,,,,,4542.77,110.18,2904.56,110.18,4542.77,110.18
gfx1151:Qwen3.6-35B-A3B-UD-Q5_K_XL,tg128,d0,2,89.51,1.36,45.37,1.54,98.67,1.25,50.17,2.85,,,,,,
gfx1151:Qwen3.6-35B-A3B-UD-Q5_K_XL,pp2048,d0,4,742.13,3.33,244.35,25.13,,,,,9376.42,795.19,7738.20,795.19,9376.42,795.19
gfx1151:Qwen3.6-35B-A3B-UD-Q5_K_XL,tg128,d0,4,82.85,2.50,26.11,3.65,130.33,0.47,33.25,1.74,,,,,,
gfx1151:Qwen3.6-35B-A3B-UD-Q5_K_XL,pp2048,d8192,1,1006.93,5.40,1006.93,5.40,,,,,10982.35,82.99,9344.14,82.99,10982.35,82.99
gfx1151:Qwen3.6-35B-A3B-UD-Q5_K_XL,tg128,d8192,1,56.99,0.24,56.99,0.24,59.33,0.47,59.33,0.47,,,,,,
gfx1151:Qwen3.6-35B-A3B-UD-Q5_K_XL,pp2048,d8192,2,842.88,2.18,534.67,81.19,,,,,19421.46,2637.98,17783.24,2637.98,19421.46,2637.98
gfx1151:Qwen3.6-35B-A3B-UD-Q5_K_XL,tg128,d8192,2,31.47,0.46,28.31,12.40,88.33,5.44,45.17,2.41,,,,,,
gfx1151:Qwen3.6-35B-A3B-UD-Q5_K_XL,pp2048,d8192,4,833.77,4.20,358.54,148.81,,,,,31882.03,10678.20,30243.81,10678.20,31882.03,10678.20
gfx1151:Qwen3.6-35B-A3B-UD-Q5_K_XL,tg128,d8192,4,16.93,0.22,12.51,8.91,114.67,3.30,29.75,1.23,,,,,,
gfx1151:Qwen3.6-35B-A3B-UD-Q5_K_XL,pp2048,d16384,1,896.60,5.74,896.60,5.74,,,,,20236.01,227.17,18597.79,227.17,20236.01,227.17
gfx1151:Qwen3.6-35B-A3B-UD-Q5_K_XL,tg128,d16384,1,54.71,0.34,54.71,0.34,57.33,0.94,57.33,0.94,,,,,,
gfx1151:Qwen3.6-35B-A3B-UD-Q5_K_XL,pp2048,d16384,2,811.27,1.45,562.54,140.35,,,,,33630.87,8007.05,31992.65,8007.05,33630.87,8007.05
gfx1151:Qwen3.6-35B-A3B-UD-Q5_K_XL,tg128,d16384,2,13.92,0.67,22.67,15.60,79.67,1.25,40.33,0.75,,,,,,
gfx1151:Qwen3.6-35B-A3B-UD-Q5_K_XL,pp2048,d16384,4,797.22,2.91,379.65,192.84,,,,,56403.76,22125.70,54765.54,22125.70,56403.76,22125.70
gfx1151:Qwen3.6-35B-A3B-UD-Q5_K_XL,tg128,d16384,4,8.52,0.18,9.03,8.84,103.67,2.62,28.58,2.90,,,,,,
gfx1151:gemma-4-26B-A4B-it-UD-Q6_K_XL,pp2048,d0,1,868.61,10.84,868.61,10.84,,,,,2155.92,42.84,2073.61,42.84,2226.33,43.15
gfx1151:gemma-4-26B-A4B-it-UD-Q6_K_XL,tg128,d0,1,47.42,2.27,47.42,2.27,54.67,7.85,54.67,7.85,,,,,,
gfx1151:gemma-4-26B-A4B-it-UD-Q6_K_XL,pp2048,d0,2,715.11,3.26,375.73,15.93,,,,,5024.17,140.30,4941.86,140.30,5174.35,124.44
gfx1151:gemma-4-26B-A4B-it-UD-Q6_K_XL,tg128,d0,2,70.05,2.94,35.20,2.69,79.00,5.72,41.17,6.04,,,,,,
gfx1151:gemma-4-26B-A4B-it-UD-Q6_K_XL,pp2048,d0,4,739.48,3.13,205.42,14.33,,,,,9207.58,760.40,9125.28,760.40,10014.19,116.31
gfx1151:gemma-4-26B-A4B-it-UD-Q6_K_XL,tg128,d0,4,100.89,5.24,25.70,3.46,123.67,8.34,33.83,8.10,,,,,,
gfx1151:gemma-4-26B-A4B-it-UD-Q6_K_XL,pp2048,d8192,1,847.54,4.39,847.54,4.39,,,,,10916.94,143.54,10834.64,143.54,10991.84,143.52
gfx1151:gemma-4-26B-A4B-it-UD-Q6_K_XL,tg128,d8192,1,44.42,2.45,44.42,2.45,49.33,5.44,49.33,5.44,,,,,,
gfx1151:gemma-4-26B-A4B-it-UD-Q6_K_XL,pp2048,d8192,2,839.16,1.05,492.59,68.19,,,,,19434.25,2737.93,19351.95,2737.93,22100.94,192.78
gfx1151:gemma-4-26B-A4B-it-UD-Q6_K_XL,tg128,d8192,2,61.52,2.12,32.30,2.08,76.33,4.50,40.50,1.50,,,,,,
gfx1151:gemma-4-26B-A4B-it-UD-Q6_K_XL,pp2048,d8192,4,852.24,1.62,335.96,123.67,,,,,31242.41,10072.45,31160.10,10072.45,36017.65,7948.54
gfx1151:gemma-4-26B-A4B-it-UD-Q6_K_XL,tg128,d8192,4,21.60,0.45,13.90,7.06,99.33,7.13,27.25,3.77,,,,,,
gfx1151:gemma-4-26B-A4B-it-UD-Q6_K_XL,pp2048,d16384,1,831.05,6.68,831.05,6.68,,,,,20159.91,36.72,20077.61,36.72,20237.35,36.80
gfx1151:gemma-4-26B-A4B-it-UD-Q6_K_XL,tg128,d16384,1,45.60,4.33,45.60,4.33,54.67,9.18,54.67,9.18,,,,,,
gfx1151:gemma-4-26B-A4B-it-UD-Q6_K_XL,pp2048,d16384,2,808.22,3.19,536.97,130.43,,,,,32850.57,8001.76,32768.26,8001.76,36395.03,4573.52
gfx1151:gemma-4-26B-A4B-it-UD-Q6_K_XL,tg128,d16384,2,20.67,1.10,20.64,10.14,67.67,3.40,35.67,2.92,,,,,,
gfx1151:gemma-4-26B-A4B-it-UD-Q6_K_XL,pp2048,d16384,4,804.80,1.66,364.11,171.39,,,,,55245.48,21361.23,55163.18,21361.23,60093.40,19108.42
gfx1151:gemma-4-26B-A4B-it-UD-Q6_K_XL,tg128,d16384,4,9.97,0.17,8.66,6.80,89.00,2.83,26.08,3.38,,,,,,
gfx1151:gemma-4-26B-A4B-it-UD-Q8_K_XL,pp2048,d0,1,850.26,12.84,850.26,12.84,,,,,2265.71,74.61,2180.76,74.61,2343.95,74.57
gfx1151:gemma-4-26B-A4B-it-UD-Q8_K_XL,tg128,d0,1,41.47,1.38,41.47,1.38,46.67,1.25,46.67,1.25,,,,,,
gfx1151:gemma-4-26B-A4B-it-UD-Q8_K_XL,pp2048,d0,2,698.58,3.11,368.52,7.46,,,,,5191.57,121.78,5106.62,121.78,5368.51,93.30
gfx1151:gemma-4-26B-A4B-it-UD-Q8_K_XL,tg128,d0,2,62.67,3.85,31.49,3.30,76.00,10.71,38.67,9.45,,,,,,
gfx1151:gemma-4-26B-A4B-it-UD-Q8_K_XL,pp2048,d0,4,720.33,3.02,201.11,18.44,,,,,9416.30,783.26,9331.35,783.26,10262.25,146.11
gfx1151:gemma-4-26B-A4B-it-UD-Q8_K_XL,tg128,d0,4,80.76,3.35,20.57,2.52,104.00,9.27,27.42,6.63,,,,,,
gfx1151:gemma-4-26B-A4B-it-UD-Q8_K_XL,pp2048,d8192,1,824.21,2.97,824.21,2.97,,,,,11243.02,71.68,11158.07,71.68,11325.48,72.03
gfx1151:gemma-4-26B-A4B-it-UD-Q8_K_XL,tg128,d8192,1,39.85,0.74,39.85,0.74,46.33,2.49,46.33,2.49,,,,,,
gfx1151:gemma-4-26B-A4B-it-UD-Q8_K_XL,pp2048,d8192,2,818.44,2.89,478.90,66.49,,,,,19761.05,2709.77,19676.10,2709.77,22400.73,268.76
gfx1151:gemma-4-26B-A4B-it-UD-Q8_K_XL,tg128,d8192,2,56.43,3.23,29.53,2.37,88.00,20.61,45.67,10.48,,,,,,
gfx1151:gemma-4-26B-A4B-it-UD-Q8_K_XL,pp2048,d8192,4,832.29,2.27,331.05,125.00,,,,,31891.70,10373.53,31806.75,10373.53,36761.46,8162.33
gfx1151:gemma-4-26B-A4B-it-UD-Q8_K_XL,tg128,d8192,4,20.90,0.56,12.46,5.97,85.33,2.36,23.67,3.52,,,,,,
gfx1151:gemma-4-26B-A4B-it-UD-Q8_K_XL,pp2048,d16384,1,810.49,4.10,810.49,4.10,,,,,20568.97,38.29,20484.02,38.29,20652.99,37.54
gfx1151:gemma-4-26B-A4B-it-UD-Q8_K_XL,tg128,d16384,1,37.96,0.93,37.96,0.93,42.67,1.89,42.67,1.89,,,,,,
gfx1151:gemma-4-26B-A4B-it-UD-Q8_K_XL,pp2048,d16384,2,790.82,1.19,528.82,130.48,,,,,33694.00,8362.68,33609.05,8362.68,37317.78,4874.39
gfx1151:gemma-4-26B-A4B-it-UD-Q8_K_XL,tg128,d16384,2,19.42,1.72,18.89,9.28,64.33,6.34,34.83,4.45,,,,,,
gfx1151:gemma-4-26B-A4B-it-UD-Q8_K_XL,pp2048,d16384,4,786.12,0.54,359.98,169.68,,,,,55949.14,21894.28,55864.19,21894.28,61482.35,19831.52
gfx1151:gemma-4-26B-A4B-it-UD-Q8_K_XL,tg128,d16384,4,9.79,0.32,8.01,5.88,77.33,3.09,25.25,5.46,,,,,,
gfx1151:gemma-4-31B-it-BF16,pp2048,d0,1,64.79,1.27,64.79,1.27,,,,,29632.39,27.61,28913.18,27.61,30524.59,29.27
gfx1151:gemma-4-31B-it-BF16,tg128,d0,1,3.73,0.25,3.73,0.25,9.00,3.27,9.00,3.27,,,,,,
gfx1151:gemma-4-31B-it-BF16,pp2048,d0,2,61.40,0.07,31.78,0.46,,,,,59593.00,1199.26,58873.78,1199.26,60781.34,1153.54
gfx1151:gemma-4-31B-it-BF16,tg128,d0,2,7.53,0.53,3.79,0.34,16.33,1.70,11.00,2.00,,,,,,
gfx1151:gemma-4-31B-it-BF16,pp2048,d0,4,62.92,0.16,17.31,1.52,,,,,109407.10,9125.89,108687.88,9125.89,118190.98,921.23
gfx1151:gemma-4-31B-it-BF16,tg128,d0,4,11.80,0.80,3.01,0.35,22.00,3.56,7.50,2.29,,,,,,
gfx1151:gemma-4-31B-it-BF16,pp2048,d8192,1,657.17,835.20,657.17,835.20,,,,,95446.56,64318.73,94727.34,64318.73,96042.07,64732.86
gfx1151:gemma-4-31B-it-BF16,tg128,d8192,1,2.79,1.12,2.79,1.12,14.00,10.03,14.00,10.03,,,,,,
gfx1151:gemma-4-31B-it-BF16,pp2048,d8192,2,75.67,1.25,43.94,5.84,,,,,214828.33,28967.98,214109.11,28967.98,242963.66,6108.89
gfx1151:gemma-4-31B-it-BF16,tg128,d8192,2,6.98,0.34,3.66,0.38,16.00,2.16,10.33,1.89,,,,,,
gfx1151:gemma-4-31B-it-BF16,pp2048,d8192,4,77.35,0.15,31.18,12.36,,,,,343184.95,114744.67,342465.73,114744.67,397613.58,90277.12
gfx1151:gemma-4-31B-it-BF16,tg128,d8192,4,2.15,0.07,1.86,1.15,20.67,2.05,7.83,2.03,,,,,,
gfx1151:gemma-4-31B-it-BF16,pp2048,d16384,1,868.48,1122.77,868.48,1122.77,,,,,150991.40,101442.78,150272.18,101442.78,151563.17,101846.02
gfx1151:gemma-4-31B-it-BF16,tg128,d16384,1,2.75,1.33,2.75,1.33,16.33,7.72,16.33,7.72,,,,,,
gfx1151:gemma-4-31B-it-BF16,pp2048,d16384,2,65891.17,93043.44,60.71,0.16,,,,,241949.54,187078.02,134564.07,134564.07,174693.68,174524.42
gfx1151:gemma-4-31B-it-BF16,tg128,d16384,2,0.35,0.43,0.26,0.22,19.33,25.93,14.50,13.50,,,,,,
gfx1151:gemma-4-31B-it-BF16,pp2048,d16384,4,651.12,818.74,175.79,203.35,,,,,429667.38,339382.43,428948.16,339382.43,470435.71,353803.81
gfx1151:gemma-4-31B-it-BF16,tg128,d16384,4,0.98,0.06,0.83,0.90,50.00,41.82,14.75,9.47,,,,,,
gfx1151:gemma-4-31B-it-UD-Q4_K_XL,pp2048,d0,1,205.75,1.67,205.75,1.67,,,,,9105.62,136.61,8871.59,136.61,9399.26,137.85
gfx1151:gemma-4-31B-it-UD-Q4_K_XL,tg128,d0,1,11.61,1.59,11.61,1.59,18.33,5.79,18.33,5.79,,,,,,
gfx1151:gemma-4-31B-it-UD-Q4_K_XL,pp2048,d0,2,184.56,1.59,96.14,1.67,,,,,19677.12,323.86,19443.09,323.86,20200.40,215.63
gfx1151:gemma-4-31B-it-UD-Q4_K_XL,tg128,d0,2,22.38,1.42,11.27,1.20,34.00,1.41,17.50,1.89,,,,,,
gfx1151:gemma-4-31B-it-UD-Q4_K_XL,pp2048,d0,4,191.08,0.42,52.68,3.66,,,,,35664.36,2947.69,35430.33,2947.69,38667.14,292.73
gfx1151:gemma-4-31B-it-UD-Q4_K_XL,tg128,d0,4,35.61,3.05,9.09,1.42,54.00,8.16,14.83,4.45,,,,,,
gfx1151:gemma-4-31B-it-UD-Q4_K_XL,pp2048,d8192,1,197.30,1.75,197.30,1.75,,,,,47037.25,164.77,46803.22,164.77,47350.95,164.35
gfx1151:gemma-4-31B-it-UD-Q4_K_XL,tg128,d8192,1,10.82,0.56,10.82,0.56,15.00,0.82,15.00,0.82,,,,,,
gfx1151:gemma-4-31B-it-UD-Q4_K_XL,pp2048,d8192,2,196.84,0.40,115.78,16.94,,,,,82457.66,11844.74,82223.63,11844.74,94069.87,668.42
gfx1151:gemma-4-31B-it-UD-Q4_K_XL,tg128,d8192,2,17.78,0.26,9.37,0.35,31.00,1.63,16.50,3.77,,,,,,
gfx1151:gemma-4-31B-it-UD-Q4_K_XL,pp2048,d8192,4,198.57,0.24,78.91,30.36,,,,,132827.61,43613.08,132593.58,43613.08,153380.53,34084.93
gfx1151:gemma-4-31B-it-UD-Q4_K_XL,tg128,d8192,4,5.49,0.06,4.40,2.57,39.00,0.00,12.92,2.29,,,,,,
gfx1151:gemma-4-31B-it-UD-Q4_K_XL,pp2048,d16384,1,193.15,0.22,193.15,0.22,,,,,86494.49,240.24,86260.46,240.24,86824.08,242.26
gfx1151:gemma-4-31B-it-UD-Q4_K_XL,tg128,d16384,1,10.36,0.70,10.36,0.70,14.67,1.25,14.67,1.25,,,,,,
gfx1151:gemma-4-31B-it-UD-Q4_K_XL,pp2048,d16384,2,184.36,0.14,125.08,32.33,,,,,142699.65,37188.50,142465.62,37188.50,158236.23,22036.23
gfx1151:gemma-4-31B-it-UD-Q4_K_XL,tg128,d16384,2,4.82,0.13,5.74,3.24,24.67,1.89,14.17,0.90,,,,,,
gfx1151:gemma-4-31B-it-UD-Q4_K_XL,pp2048,d16384,4,180.91,0.37,84.41,42.00,,,,,242825.03,97732.98,242591.01,97732.98,266708.49,89138.02
gfx1151:gemma-4-31B-it-UD-Q4_K_XL,tg128,d16384,4,2.28,0.04,2.51,2.15,33.33,1.70,11.58,1.98,,,,,,
gfx1151:gemma-4-31B-it-UD-Q5_K_XL,pp2048,d0,1,184.71,2.04,184.71,2.04,,,,,10424.53,103.71,10146.97,103.71,10759.06,103.68
gfx1151:gemma-4-31B-it-UD-Q5_K_XL,tg128,d0,1,10.31,0.61,10.31,0.61,17.00,2.16,17.00,2.16,,,,,,
gfx1151:gemma-4-31B-it-UD-Q5_K_XL,pp2048,d0,2,166.61,1.32,86.84,1.43,,,,,21580.89,384.85,21303.33,384.85,22144.41,291.59
gfx1151:gemma-4-31B-it-UD-Q5_K_XL,tg128,d0,2,18.71,0.63,9.42,0.76,30.00,2.94,16.00,2.52,,,,,,
gfx1151:gemma-4-31B-it-UD-Q5_K_XL,pp2048,d0,4,171.13,0.50,47.05,3.33,,,,,39462.87,3070.89,39185.31,3070.89,42653.04,308.24
gfx1151:gemma-4-31B-it-UD-Q5_K_XL,tg128,d0,4,31.65,1.25,8.08,0.81,47.00,5.35,13.50,2.10,,,,,,
gfx1151:gemma-4-31B-it-UD-Q5_K_XL,pp2048,d8192,1,178.37,1.10,178.37,1.10,,,,,51676.35,1038.27,51398.79,1038.27,52028.17,1040.41
gfx1151:gemma-4-31B-it-UD-Q5_K_XL,tg128,d8192,1,9.44,0.67,9.44,0.67,14.67,3.68,14.67,3.68,,,,,,
gfx1151:gemma-4-31B-it-UD-Q5_K_XL,pp2048,d8192,2,176.10,0.48,102.69,14.57,,,,,91713.47,12467.71,91435.91,12467.71,103953.49,701.74
gfx1151:gemma-4-31B-it-UD-Q5_K_XL,tg128,d8192,2,16.55,0.29,8.71,0.76,27.33,4.50,16.00,2.77,,,,,,
gfx1151:gemma-4-31B-it-UD-Q5_K_XL,pp2048,d8192,4,177.42,0.26,70.80,26.63,,,,,149174.30,49474.03,148896.74,49474.03,172664.41,38951.43
gfx1151:gemma-4-31B-it-UD-Q5_K_XL,tg128,d8192,4,5.08,0.14,4.19,2.48,41.33,2.62,13.00,2.55,,,,,,
gfx1151:gemma-4-31B-it-UD-Q5_K_XL,pp2048,d16384,1,173.24,0.41,173.24,0.41,,,,,96246.76,602.67,95969.20,602.67,96640.51,575.30
gfx1151:gemma-4-31B-it-UD-Q5_K_XL,tg128,d16384,1,9.34,0.62,9.34,0.62,13.67,1.89,13.67,1.89,,,,,,
gfx1151:gemma-4-31B-it-UD-Q5_K_XL,pp2048,d16384,2,165.42,0.62,112.65,29.81,,,,,160443.47,42124.24,160165.91,42124.24,177741.01,25264.50
gfx1151:gemma-4-31B-it-UD-Q5_K_XL,tg128,d16384,2,4.12,0.13,5.08,3.02,27.00,2.45,14.00,2.94,,,,,,
gfx1151:gemma-4-31B-it-UD-Q5_K_XL,pp2048,d16384,4,163.23,0.09,75.56,37.81,,,,,271485.75,107731.44,271208.20,107731.44,298422.14,97996.50
gfx1151:gemma-4-31B-it-UD-Q5_K_XL,tg128,d16384,4,2.09,0.09,2.39,2.12,32.33,3.30,11.75,2.38,,,,,,
gfx1151:qwen3.5-122B-A10B-Q5_K_M,pp2048,d0,1,761.32,10.91,761.32,10.91,,,,,8020.41,51.69,2489.41,51.69,8020.41,51.69
gfx1151:qwen3.5-122B-A10B-Q5_K_M,tg128,d0,1,23.38,0.28,23.38,0.28,28.00,0.00,28.00,0.00,,,,,,
gfx1151:qwen3.5-122B-A10B-Q5_K_M,pp2048,d0,2,223.49,1.46,170.97,5.19,,,,,16131.75,277.09,10600.75,277.09,16131.75,277.09
gfx1151:qwen3.5-122B-A10B-Q5_K_M,tg128,d0,2,34.86,0.96,17.63,1.04,44.00,1.41,23.00,3.16,,,,,,
gfx1151:qwen3.5-122B-A10B-Q5_K_M,pp2048,d0,4,189.16,1.41,60.00,5.78,,,,,36640.03,2862.78,31109.03,2862.78,36640.03,2862.78
gfx1151:qwen3.5-122B-A10B-Q5_K_M,tg128,d0,4,30.02,1.48,10.01,1.64,67.33,6.13,17.67,2.29,,,,,,
gfx1151:qwen3.5-122B-A10B-Q5_K_M,pp2048,d8192,1,270.49,1.10,270.49,1.10,,,,,40005.72,464.93,34474.72,464.93,40005.72,464.93
gfx1151:qwen3.5-122B-A10B-Q5_K_M,tg128,d8192,1,22.93,0.58,22.93,0.58,27.00,0.00,27.00,0.00,,,,,,
gfx1151:qwen3.5-122B-A10B-Q5_K_M,pp2048,d8192,2,236.44,2.08,148.55,22.83,,,,,69269.29,9111.09,63738.29,9111.09,69269.29,9111.09
gfx1151:qwen3.5-122B-A10B-Q5_K_M,tg128,d8192,2,10.66,0.39,11.08,5.74,42.00,0.00,21.17,0.37,,,,,,
gfx1151:qwen3.5-122B-A10B-Q5_K_M,pp2048,d8192,4,235.58,0.30,100.15,42.46,,,,,112968.91,37364.55,107437.91,37364.55,112968.91,37364.55
gfx1151:qwen3.5-122B-A10B-Q5_K_M,tg128,d8192,4,5.16,0.03,4.54,3.59,54.00,2.94,14.83,1.14,,,,,,
gfx1151:qwen3.5-122B-A10B-Q5_K_M,pp2048,d16384,1,249.24,0.52,249.24,0.52,,,,,72661.41,352.76,67130.41,352.76,72661.41,352.76
gfx1151:qwen3.5-122B-A10B-Q5_K_M,tg128,d16384,1,22.98,0.30,22.98,0.30,27.33,0.47,27.33,0.47,,,,,,
gfx1151:qwen3.5-122B-A10B-Q5_K_M,pp2048,d16384,2,229.27,0.52,156.98,38.51,,,,,118764.69,27295.55,113233.69,27295.55,118764.69,27295.55
gfx1151:qwen3.5-122B-A10B-Q5_K_M,tg128,d16384,2,4.44,0.25,9.10,6.86,40.33,1.25,20.33,0.75,,,,,,
gfx1151:qwen3.5-122B-A10B-Q5_K_M,pp2048,d16384,4,229.03,0.14,107.83,55.43,,,,,197668.61,76119.52,192137.61,76119.52,197668.61,76119.52
gfx1151:qwen3.5-122B-A10B-Q5_K_M,tg128,d16384,4,2.60,0.00,3.58,4.02,48.67,1.89,14.33,1.70,,,,,,
localhost:22545:localhost:22545,pp2048,d0,1,21648.50,1172.66,21648.50,1172.66,,,,,215.41,4.53,86.36,4.53,215.41,4.53
localhost:22545:localhost:22545,tg128,d0,1,22.27,0.39,22.27,0.39,24.67,0.47,24.67,0.47,,,,,,
localhost:22545:localhost:22545,pp2048,d0,2,575.34,6.11,10604.64,10317.56,,,,,3367.49,3150.02,3238.44,3150.02,3367.49,3150.02
localhost:22545:localhost:22545,tg128,d0,2,21.86,0.39,22.19,0.51,25.67,1.25,25.00,1.15,,,,,,
localhost:22545:localhost:22545,pp2048,d0,4,384.01,2.18,5014.68,8410.65,,,,,9731.24,7103.11,9602.19,7103.11,9731.24,7103.11
localhost:22545:localhost:22545,tg128,d0,4,21.90,0.11,22.40,0.75,28.33,2.05,25.58,2.18,,,,,,
localhost:22545:localhost:22545,pp2048,d8192,1,12712.90,426.66,12712.90,426.66,,,,,861.79,31.59,732.74,31.59,861.79,31.59
localhost:22545:localhost:22545,tg128,d8192,1,22.48,0.25,22.48,0.25,26.00,0.82,26.00,0.82,,,,,,
localhost:22545:localhost:22545,pp2048,d8192,2,2374.16,11.51,6672.51,5465.74,,,,,4382.08,3484.09,4253.04,3484.09,4382.08,3484.09
localhost:22545:localhost:22545,tg128,d8192,2,21.07,0.14,22.53,0.24,25.67,0.47,25.17,0.69,,,,,,
localhost:22545:localhost:22545,pp2048,d8192,4,1689.27,7.05,3644.13,5039.11,,,,,11402.30,7835.61,11273.25,7835.61,11402.30,7835.61
localhost:22545:localhost:22545,tg128,d8192,4,20.47,0.18,22.53,0.49,28.00,1.41,26.17,1.52,,,,,,
localhost:22545:localhost:22545,pp2048,d16384,1,11215.32,91.73,11215.32,91.73,,,,,1620.08,2.72,1491.03,2.72,1620.08,2.72
localhost:22545:localhost:22545,tg128,d16384,1,21.98,0.24,21.98,0.24,24.33,0.47,24.33,0.47,,,,,,
localhost:22545:localhost:22545,pp2048,d16384,2,3551.67,12.04,6428.09,4612.90,,,,,5522.98,3892.03,5393.93,3892.03,5522.98,3892.03
localhost:22545:localhost:22545,tg128,d16384,2,19.82,0.26,22.35,0.40,27.00,1.41,26.17,1.46,,,,,,
localhost:22545:localhost:22545,pp2048,d16384,4,2667.92,6.27,3642.98,4342.24,,,,,13329.56,8718.15,13200.51,8718.15,13329.56,8718.15
localhost:22545:localhost:22545,tg128,d16384,4,18.71,0.04,22.26,0.49,28.00,1.41,25.50,1.76,,,,,,
rtx5090:Qwen3.5-9B-Q5_K_M,pp2048,d0,1,7037.87,184.24,7037.87,184.24,,,,,312.43,16.16,261.11,16.16,312.43,16.16
rtx5090:Qwen3.5-9B-Q5_K_M,tg128,d0,1,208.77,10.30,208.77,10.30,212.62,10.48,212.62,10.48,,,,,,
rtx5090:Qwen3.5-9B-Q5_K_M,pp2048,d0,2,5695.64,69.89,3185.31,84.67,,,,,631.86,17.78,580.55,17.78,631.86,17.78
rtx5090:Qwen3.5-9B-Q5_K_M,tg128,d0,2,327.78,7.54,168.10,3.99,330.13,7.55,169.72,4.21,,,,,,
rtx5090:Qwen3.5-9B-Q5_K_M,pp2048,d0,4,5463.99,25.21,1578.80,174.67,,,,,1235.55,112.94,1184.24,112.94,1235.55,112.94
rtx5090:Qwen3.5-9B-Q5_K_M,tg128,d0,4,398.03,1.63,115.41,10.27,509.33,2.62,127.42,2.22,,,,,,
rtx5090:Qwen3.5-9B-Q5_K_M,pp2048,d8192,1,8238.90,16.67,8238.90,16.67,,,,,1174.59,19.02,1123.27,19.02,1174.59,19.02
rtx5090:Qwen3.5-9B-Q5_K_M,tg128,d8192,1,204.55,4.65,204.55,4.65,207.95,4.54,207.95,4.54,,,,,,
rtx5090:Qwen3.5-9B-Q5_K_M,pp2048,d8192,2,7272.67,7.39,4293.96,610.89,,,,,2259.26,298.10,2207.94,298.10,2259.26,298.10
rtx5090:Qwen3.5-9B-Q5_K_M,tg128,d8192,2,193.37,5.31,130.27,31.46,280.33,4.50,151.66,12.40,,,,,,
rtx5090:Qwen3.5-9B-Q5_K_M,pp2048,d8192,4,6369.01,27.38,2553.74,944.67,,,,,4176.26,1351.92,4124.95,1351.92,4176.26,1351.92
rtx5090:Qwen3.5-9B-Q5_K_M,tg128,d8192,4,121.44,1.20,66.10,35.04,477.33,7.76,120.17,3.34,,,,,,
rtx5090:Qwen3.5-9B-Q5_K_M,pp2048,d16384,1,8008.91,20.06,8008.91,20.06,,,,,2135.07,1.46,2083.76,1.46,2135.07,1.46
rtx5090:Qwen3.5-9B-Q5_K_M,tg128,d16384,1,197.07,4.83,197.07,4.83,200.51,5.12,200.51,5.12,,,,,,
rtx5090:Qwen3.5-9B-Q5_K_M,pp2048,d16384,2,6816.62,29.07,4632.35,1193.18,,,,,3903.62,988.67,3852.31,988.67,3903.62,988.67
rtx5090:Qwen3.5-9B-Q5_K_M,tg128,d16384,2,97.06,3.46,100.98,51.00,272.00,3.56,144.22,10.25,,,,,,
rtx5090:Qwen3.5-9B-Q5_K_M,pp2048,d16384,4,5361.63,7.74,2609.68,1307.86,,,,,8037.68,3344.63,7986.37,3344.63,8037.68,3344.63
rtx5090:Qwen3.5-9B-Q5_K_M,tg128,d16384,4,55.67,0.97,44.81,38.38,434.67,3.30,109.67,3.22,,,,,,
rtx5090:Qwen3.6-27B-Q8_0,pp2048,d0,1,3583.91,224.85,3583.91,224.85,,,,,607.68,35.75,531.73,35.75,607.68,35.75
rtx5090:Qwen3.6-27B-Q8_0,tg128,d0,1,54.60,2.67,54.60,2.67,59.67,4.50,59.67,4.50,,,,,,
rtx5090:Qwen3.6-27B-Q8_0,pp2048,d0,2,2512.31,112.99,1721.59,402.01,,,,,1237.09,277.14,1161.14,277.14,1237.09,277.14
rtx5090:Qwen3.6-27B-Q8_0,tg128,d0,2,82.69,3.52,45.12,3.63,104.33,3.40,53.00,3.61,,,,,,
rtx5090:Qwen3.6-27B-Q8_0,pp2048,d0,4,2307.30,97.08,875.39,287.16,,,,,2421.87,678.17,2345.93,678.17,2421.87,678.17
rtx5090:Qwen3.6-27B-Q8_0,tg128,d0,4,111.48,1.94,35.08,4.36,181.00,4.32,46.83,4.49,,,,,,
rtx5090:Qwen3.6-27B-Q8_0,pp2048,d8192,1,2501.53,195.83,2501.53,195.83,,,,,3789.69,243.80,3713.75,243.80,3789.69,243.80
rtx5090:Qwen3.6-27B-Q8_0,tg128,d8192,1,46.31,1.50,46.31,1.50,50.33,2.49,50.33,2.49,,,,,,
rtx5090:Qwen3.6-27B-Q8_0,pp2048,d8192,2,2317.33,74.46,1629.24,464.35,,,,,6319.29,1771.39,6243.35,1771.39,6319.29,1771.39
rtx5090:Qwen3.6-27B-Q8_0,tg128,d8192,2,41.38,0.82,32.43,11.38,93.67,2.49,47.00,1.53,,,,,,
rtx5090:Qwen3.6-27B-Q8_0,pp2048,d8192,4,2452.89,2.74,1430.45,738.99,,,,,9227.71,4561.39,9151.76,4561.39,9227.71,4561.39
rtx5090:Qwen3.6-27B-Q8_0,tg128,d8192,4,10.97,0.11,14.14,22.14,56.00,0.82,15.75,23.25,,,,,,
rtx5090:Qwen3.6-27B-Q8_0,pp2048,d16384,1,2495.32,34.94,2495.32,34.94,,,,,6813.64,100.14,6737.70,100.14,6813.64,100.14
rtx5090:Qwen3.6-27B-Q8_0,tg128,d16384,1,50.02,1.70,50.02,1.70,53.67,2.62,53.67,2.62,,,,,,
rtx5090:Qwen3.6-27B-Q8_0,pp2048,d16384,2,2416.29,1.33,1686.03,473.82,,,,,10790.39,3002.48,10714.44,3002.48,10790.39,3002.48
rtx5090:Qwen3.6-27B-Q8_0,tg128,d16384,2,30.98,1.28,31.16,15.49,98.33,2.62,49.50,1.38,,,,,,
rtx5090:Qwen3.6-27B-Q8_0,pp2048,d16384,4,2618.12,11.39,1341.19,734.90,,,,,17339.08,7465.67,17263.13,7465.67,17339.08,7465.67
rtx5090:Qwen3.6-27B-Q8_0,tg128,d16384,4,6.61,0.09,14.50,22.10,56.33,0.47,17.84,22.35,,,,,,
rtx5090:Qwen3.6-27B-UD-Q4_K_XL,pp2048,d0,1,2566.66,73.90,2566.66,73.90,,,,,813.67,24.76,727.93,24.76,813.67,24.76
rtx5090:Qwen3.6-27B-UD-Q4_K_XL,tg128,d0,1,79.13,2.20,79.13,2.20,83.33,3.30,83.33,3.30,,,,,,
rtx5090:Qwen3.6-27B-UD-Q4_K_XL,pp2048,d0,2,2165.27,3.23,1172.72,28.16,,,,,1689.19,48.49,1603.45,48.49,1689.19,48.49
rtx5090:Qwen3.6-27B-UD-Q4_K_XL,tg128,d0,2,134.75,2.39,68.98,4.36,145.67,4.50,73.33,5.82,,,,,,
rtx5090:Qwen3.6-27B-UD-Q4_K_XL,pp2048,d0,4,625.71,0.00,205.49,5.73,,,,,7356.26,2611.72,8712.93,187.86,8798.67,187.86
rtx5090:Qwen3.6-27B-UD-Q4_K_XL,tg128,d0,4,2.66,0.00,0.10,0.00,10.65,0.00,3.68,1.68,,,,,,
rtx5090:Qwen3.6-27B-UD-Q4_K_XL,pp2048,d8192,1,1014.88,0.00,1014.88,0.00,,,,,9142.99,0.00,9057.25,0.00,9142.99,0.00
rtx5090:Qwen3.6-27B-UD-Q4_K_XL,tg128,d8192,1,75.71,0.00,75.71,0.00,78.00,0.00,78.00,0.00,,,,,,
rtx5090:Qwen3.6-27B-UD-Q4_K_XL,pp2048,d8192,2,2529.59,263.09,1458.06,246.63,,,,,6668.71,1131.39,6582.97,1131.39,6668.71,1131.39
rtx5090:Qwen3.6-27B-UD-Q4_K_XL,tg128,d8192,2,76.28,1.03,52.93,14.39,140.33,2.62,71.17,1.77,,,,,,
rtx5090:Qwen3.6-27B-UD-Q4_K_XL,pp2048,d8192,4,2424.33,44.64,949.88,339.51,,,,,11099.48,3488.94,11013.74,3488.94,11099.48,3488.94
rtx5090:Qwen3.6-27B-UD-Q4_K_XL,tg128,d8192,4,46.54,0.67,26.12,14.21,198.00,2.16,50.42,1.32,,,,,,
rtx5090:Qwen3.6-27B-UD-Q4_K_XL,pp2048,d16384,1,2932.61,21.66,2932.61,21.66,,,,,5791.96,42.79,5706.22,42.79,5791.96,42.79
rtx5090:Qwen3.6-27B-UD-Q4_K_XL,tg128,d16384,1,76.09,0.86,76.09,0.86,78.67,1.70,78.67,1.70,,,,,,
rtx5090:Qwen3.6-27B-UD-Q4_K_XL,pp2048,d16384,2,2605.60,2.38,1732.60,418.34,,,,,10234.58,2469.69,10148.84,2469.69,10234.58,2469.69
rtx5090:Qwen3.6-27B-UD-Q4_K_XL,tg128,d16384,2,39.06,0.58,42.59,23.09,133.67,3.09,67.83,2.85,,,,,,
rtx5090:Qwen3.6-27B-UD-Q4_K_XL,pp2048,d16384,4,2137.59,1.76,1029.80,503.54,,,,,20173.65,8396.24,20087.91,8396.24,20173.65,8396.24
rtx5090:Qwen3.6-27B-UD-Q4_K_XL,tg128,d16384,4,22.18,0.16,18.77,16.72,190.00,1.41,50.00,2.04,,,,,,
rtx5090:Qwen3.6-27B-UD-Q5_K_XL,pp2048,d0,1,2472.67,5.39,2472.67,5.39,,,,,857.20,9.84,759.08,9.84,857.20,9.84
rtx5090:Qwen3.6-27B-UD-Q5_K_XL,tg128,d0,1,71.48,1.85,71.48,1.85,75.67,4.11,75.67,4.11,,,,,,
rtx5090:Qwen3.6-27B-UD-Q5_K_XL,pp2048,d0,2,1015.56,13.58,1515.13,984.88,,,,,2185.67,1375.59,2087.56,1375.59,2185.67,1375.59
rtx5090:Qwen3.6-27B-UD-Q5_K_XL,tg128,d0,2,59.23,0.82,71.00,1.62,77.67,1.70,75.50,3.04,,,,,,
rtx5090:Qwen3.6-27B-UD-Q5_K_XL,pp2048,d0,4,813.08,2.12,856.41,896.01,,,,,5071.55,3127.71,4973.43,3127.71,5071.55,3127.71
rtx5090:Qwen3.6-27B-UD-Q5_K_XL,tg128,d0,4,53.48,1.36,70.44,2.63,77.67,2.49,74.00,3.44,,,,,,
rtx5090:Qwen3.6-27B-UD-Q5_K_XL,pp2048,d8192,1,2910.40,14.71,2910.40,14.71,,,,,3225.37,31.93,3127.25,31.93,3225.37,31.93
rtx5090:Qwen3.6-27B-UD-Q5_K_XL,tg128,d8192,1,69.72,1.42,69.72,1.42,72.67,1.70,72.67,1.70,,,,,,
rtx5090:Qwen3.6-27B-UD-Q5_K_XL,pp2048,d8192,2,2167.96,8.14,1998.34,897.83,,,,,5967.98,2654.94,5869.86,2654.94,5967.98,2654.94
rtx5090:Qwen3.6-27B-UD-Q5_K_XL,tg128,d8192,2,37.29,0.66,67.26,1.02,72.00,0.82,70.83,1.57,,,,,,
rtx5090:Qwen3.6-27B-UD-Q5_K_XL,pp2048,d8192,4,1946.62,5.69,1292.47,955.01,,,,,11245.23,5923.13,11147.11,5923.13,11245.23,5923.13
rtx5090:Qwen3.6-27B-UD-Q5_K_XL,tg128,d8192,4,30.63,0.19,67.85,1.02,72.33,0.47,71.33,1.49,,,,,,
rtx5090:Qwen3.6-27B-UD-Q5_K_XL,pp2048,d16384,1,2909.69,11.24,2909.69,11.24,,,,,5814.54,63.36,5716.42,63.36,5814.54,63.36
rtx5090:Qwen3.6-27B-UD-Q5_K_XL,tg128,d16384,1,65.90,0.21,65.90,0.21,69.67,1.70,69.67,1.70,,,,,,
rtx5090:Qwen3.6-27B-UD-Q5_K_XL,pp2048,d16384,2,2659.27,206.90,2363.04,789.46,,,,,8393.13,3717.91,8295.01,3717.91,8393.13,3717.91
rtx5090:Qwen3.6-27B-UD-Q5_K_XL,tg128,d16384,2,47.85,20.01,67.13,0.64,71.00,1.00,70.33,1.25,,,,,,
rtx5090:Qwen3.6-27B-UD-Q6_K_XL,pp2048,d0,1,3167.90,7.12,3167.90,7.12,,,,,711.54,11.88,595.44,11.88,711.54,11.88
rtx5090:Qwen3.6-27B-UD-Q6_K_XL,tg128,d0,1,60.23,3.97,60.23,3.97,64.33,6.94,64.33,6.94,,,,,,
rtx5090:Qwen3.6-27B-UD-Q6_K_XL,pp2048,d0,2,1030.17,7.47,1854.71,1326.57,,,,,2234.15,1508.24,2118.05,1508.24,2234.15,1508.24
rtx5090:Qwen3.6-27B-UD-Q6_K_XL,tg128,d0,2,52.66,3.38,60.32,5.05,68.33,8.99,64.00,7.79,,,,,,
rtx5090:Qwen3.6-27B-UD-Q6_K_XL,pp2048,d0,4,770.77,2.84,1028.68,1208.61,,,,,5231.25,3367.76,5115.15,3367.76,5231.25,3367.76
rtx5090:Qwen3.6-27B-UD-Q6_K_XL,tg128,d0,4,50.61,0.71,61.63,3.95,77.00,7.79,66.42,7.71,,,,,,
rtx5090:Qwen3.6-27B-UD-Q6_K_XL,pp2048,d8192,1,2934.79,8.79,2934.79,8.79,,,,,3272.61,9.33,3156.51,9.33,3272.61,9.33
rtx5090:Qwen3.6-27B-UD-Q6_K_XL,tg128,d8192,1,57.18,0.66,57.18,0.66,60.00,1.41,60.00,1.41,,,,,,
rtx5090:Qwen3.6-27B-UD-Q6_K_XL,pp2048,d8192,2,2090.32,4.95,2001.66,934.61,,,,,6068.75,2814.72,5952.65,2814.72,6068.75,2814.72
rtx5090:Qwen3.6-27B-UD-Q6_K_XL,tg128,d8192,2,33.88,0.32,56.93,1.29,61.67,1.25,60.00,2.00,,,,,,
rtx5090:Qwen3.6-27B-UD-Q6_K_XL,pp2048,d8192,4,1845.24,2.26,1271.96,980.01,,,,,11736.19,6277.88,11620.09,6277.88,11736.19,6277.88
rtx5090:Qwen3.6-27B-UD-Q6_K_XL,tg128,d8192,4,28.70,0.30,57.91,1.00,62.67,0.47,61.25,1.23,,,,,,
rtx5090:Qwen3.6-27B-UD-Q6_K_XL,pp2048,d16384,1,2839.85,3.32,2839.85,3.32,,,,,6004.79,39.43,5888.69,39.43,6004.79,39.43
rtx5090:Qwen3.6-27B-UD-Q6_K_XL,tg128,d16384,1,57.98,0.32,57.98,0.32,61.33,0.47,61.33,0.47,,,,,,
rtx5090:Qwen3.6-27B-UD-Q6_K_XL,pp2048,d16384,2,2325.75,3.34,2004.15,830.86,,,,,10211.68,4192.32,10095.58,4192.32,10211.68,4192.32
rtx5090:Qwen3.6-27B-UD-Q6_K_XL,tg128,d16384,2,25.55,0.20,56.82,0.72,59.67,0.47,59.50,0.50,,,,,,
rtx5090:Qwen3.6-27B-UD-Q6_K_XL,pp2048,d16384,4,2148.46,1.68,1322.37,905.67,,,,,18517.45,9335.35,18401.35,9335.35,18517.45,9335.35
rtx5090:Qwen3.6-27B-UD-Q6_K_XL,tg128,d16384,4,20.08,0.10,56.75,0.51,61.67,1.25,59.92,1.44,,,,,,
rtx5090:Qwen3.6-27B-UD-Q6_K_XL-131072,pp2048,d0,1,2421.01,16.49,2421.01,16.49,,,,,852.00,2.50,754.37,2.50,852.00,2.50
rtx5090:Qwen3.6-27B-UD-Q6_K_XL-131072,tg128,d0,1,59.83,3.68,59.83,3.68,64.67,7.32,64.67,7.32,,,,,,
rtx5090:Qwen3.6-27B-UD-Q6_K_XL-131072,pp2048,d0,2,930.18,14.79,1450.09,964.83,,,,,2458.88,1594.91,2361.24,1594.91,2458.88,1594.91
rtx5090:Qwen3.6-27B-UD-Q6_K_XL-131072,tg128,d0,2,49.58,1.33,58.48,1.90,63.33,2.05,62.00,2.31,,,,,,
rtx5090:Qwen3.6-27B-UD-Q6_K_XL-131072,pp2048,d0,4,710.85,2.65,815.05,896.22,,,,,5668.56,3563.44,5570.93,3563.44,5668.56,3563.44
rtx5090:Qwen3.6-27B-UD-Q6_K_XL-131072,tg128,d0,4,47.01,0.83,59.63,2.96,70.33,7.13,63.83,5.47,,,,,,
rtx5090:Qwen3.6-27B-UD-Q6_K_XL-131072,pp2048,d8192,1,2721.47,13.38,2721.47,13.38,,,,,3499.71,28.37,3402.07,28.37,3499.71,28.37
rtx5090:Qwen3.6-27B-UD-Q6_K_XL-131072,tg128,d8192,1,57.35,1.52,57.35,1.52,61.67,2.36,61.67,2.36,,,,,,
rtx5090:Qwen3.6-27B-UD-Q6_K_XL-131072,pp2048,d8192,2,1975.40,7.30,1861.73,872.11,,,,,6404.40,2912.44,6306.76,2912.44,6404.40,2912.44
rtx5090:Qwen3.6-27B-UD-Q6_K_XL-131072,tg128,d8192,2,34.06,0.47,58.26,1.32,64.00,1.63,62.50,2.14,,,,,,
rtx5090:Qwen3.6-27B-UD-Q6_K_XL-131072,pp2048,d8192,4,1754.20,2.89,1188.56,899.02,,,,,12313.84,6558.95,12216.20,6558.95,12313.84,6558.95
rtx5090:Qwen3.6-27B-UD-Q6_K_XL-131072,tg128,d8192,4,27.43,0.23,57.19,1.16,63.33,0.94,60.83,2.03,,,,,,
rtx5090:Qwen3.6-27B-UD-Q6_K_XL-131072,pp2048,d16384,1,2716.22,6.41,2716.22,6.41,,,,,6214.62,36.97,6116.99,36.97,6214.62,36.97
rtx5090:Qwen3.6-27B-UD-Q6_K_XL-131072,tg128,d16384,1,55.85,0.39,55.85,0.39,59.67,0.47,59.67,0.47,,,,,,
rtx5090:Qwen3.6-27B-UD-Q6_K_XL-131072,pp2048,d16384,2,2240.99,2.32,1925.48,788.96,,,,,10585.18,4364.45,10487.54,4364.45,10585.18,4364.45
rtx5090:Qwen3.6-27B-UD-Q6_K_XL-131072,tg128,d16384,2,24.56,0.15,56.05,0.42,59.67,0.47,59.33,0.47,,,,,,
rtx5090:Qwen3.6-27B-UD-Q6_K_XL-131072,pp2048,d16384,4,2071.58,3.66,1269.61,863.12,,,,,19199.97,9676.62,19102.33,9676.62,19199.97,9676.62
rtx5090:Qwen3.6-27B-UD-Q6_K_XL-131072,tg128,d16384,4,19.29,0.03,55.99,0.64,60.00,0.00,59.17,1.07,,,,,,
rtx5090:Qwen3.6-35B-A3B-UD-IQ1_M,pp2048,d0,1,8611.76,705.39,8611.76,705.39,,,,,321.75,23.11,221.36,23.11,321.75,23.11
rtx5090:Qwen3.6-35B-A3B-UD-IQ1_M,tg128,d0,1,265.39,3.49,265.39,3.49,271.26,3.58,271.26,3.58,,,,,,
rtx5090:Qwen3.6-35B-A3B-UD-IQ1_M,pp2048,d0,2,5506.65,259.93,4176.21,942.72,,,,,563.23,105.92,462.85,105.92,563.23,105.92
rtx5090:Qwen3.6-35B-A3B-UD-IQ1_M,tg128,d0,2,320.71,6.90,187.09,26.00,323.07,6.96,189.37,25.50,,,,,,
rtx5090:Qwen3.6-35B-A3B-UD-IQ1_M,pp2048,d0,4,5660.44,53.90,2337.55,838.47,,,,,975.65,263.96,875.26,263.96,975.65,263.96
rtx5090:Qwen3.6-35B-A3B-UD-IQ1_M,tg128,d0,4,315.09,4.80,103.93,17.93,525.67,11.59,132.00,4.78,,,,,,
rtx5090:Qwen3.6-35B-A3B-UD-IQ1_M,pp2048,d8192,1,6427.22,292.98,6427.22,292.98,,,,,1530.99,49.52,1430.60,49.52,1530.99,49.52
rtx5090:Qwen3.6-35B-A3B-UD-IQ1_M,tg128,d8192,1,246.32,8.00,246.32,8.00,251.57,7.61,251.57,7.61,,,,,,
rtx5090:Qwen3.6-35B-A3B-UD-IQ1_M,pp2048,d8192,2,5510.14,82.88,3840.08,991.37,,,,,2712.56,683.77,2612.18,683.77,2712.56,683.77
rtx5090:Qwen3.6-35B-A3B-UD-IQ1_M,tg128,d8192,2,131.09,1.10,125.43,59.43,273.33,2.05,160.95,27.37,,,,,,
rtx5090:Qwen3.6-35B-A3B-UD-IQ1_M,pp2048,d8192,4,5586.18,12.23,2457.20,1049.25,,,,,4525.17,1610.44,4424.79,1610.44,4525.17,1610.44
rtx5090:Qwen3.6-35B-A3B-UD-IQ1_M,tg128,d8192,4,99.89,1.18,59.13,36.98,479.33,3.86,120.67,2.13,,,,,,
rtx5090:Qwen3.6-35B-A3B-UD-IQ1_M,pp2048,d16384,1,5217.89,219.29,5217.89,219.29,,,,,3266.40,138.30,3166.02,138.30,3266.40,138.30
rtx5090:Qwen3.6-35B-A3B-UD-IQ1_M,tg128,d16384,1,225.73,3.95,225.73,3.95,230.96,3.48,230.96,3.48,,,,,,
rtx5090:Qwen3.6-35B-A3B-UD-IQ1_M,pp2048,d16384,2,4605.47,15.29,3178.36,842.08,,,,,5708.72,1488.55,5608.34,1488.55,5708.72,1488.55
rtx5090:Qwen3.6-35B-A3B-UD-IQ1_M,tg128,d16384,2,72.75,0.72,102.85,65.64,268.67,4.19,151.51,19.61,,,,,,
rtx5090:Qwen3.6-35B-A3B-UD-IQ1_M,pp2048,d16384,4,4656.06,6.74,2101.38,939.73,,,,,9595.18,3612.44,9494.79,3612.44,9595.18,3612.44
rtx5090:Qwen3.6-35B-A3B-UD-IQ1_M,tg128,d16384,4,50.33,0.57,44.77,41.47,448.67,7.04,113.92,3.35,,,,,,
rtx5090:Qwen3.6-35B-A3B-UD-Q2_K_XL,pp2048,d0,1,7719.01,550.24,7719.01,550.24,,,,,346.26,15.70,247.48,15.70,346.26,15.70
rtx5090:Qwen3.6-35B-A3B-UD-Q2_K_XL,tg128,d0,1,260.27,5.11,260.27,5.11,266.07,5.63,266.07,5.63,,,,,,
rtx5090:Qwen3.6-35B-A3B-UD-Q2_K_XL,pp2048,d0,2,5219.18,92.69,3935.51,915.15,,,,,592.73,114.16,493.96,114.16,592.73,114.16
rtx5090:Qwen3.6-35B-A3B-UD-Q2_K_XL,tg128,d0,2,317.15,9.70,187.25,29.84,319.44,9.75,189.21,29.63,,,,,,
rtx5090:Qwen3.6-35B-A3B-UD-Q2_K_XL,pp2048,d0,4,5419.08,48.52,2281.29,833.87,,,,,1024.62,290.87,925.85,290.87,1024.62,290.87
rtx5090:Qwen3.6-35B-A3B-UD-Q2_K_XL,tg128,d0,4,304.69,4.68,102.46,21.25,530.33,10.50,133.00,10.82,,,,,,
rtx5090:Qwen3.6-35B-A3B-UD-Q2_K_XL,pp2048,d8192,1,6015.16,293.03,6015.16,293.03,,,,,1663.79,88.52,1565.02,88.52,1663.79,88.52
rtx5090:Qwen3.6-35B-A3B-UD-Q2_K_XL,tg128,d8192,1,249.98,14.71,249.98,14.71,254.84,14.33,254.84,14.33,,,,,,
rtx5090:Qwen3.6-35B-A3B-UD-Q2_K_XL,pp2048,d8192,2,5218.04,56.03,3614.24,912.66,,,,,2836.30,709.94,2737.53,709.94,2836.30,709.94
rtx5090:Qwen3.6-35B-A3B-UD-Q2_K_XL,tg128,d8192,2,126.96,3.67,123.03,58.78,272.00,4.90,159.11,25.73,,,,,,
rtx5090:Qwen3.6-35B-A3B-UD-Q2_K_XL,pp2048,d8192,4,5289.41,34.90,2323.49,1003.09,,,,,4746.50,1691.31,4647.73,1691.31,4746.50,1691.31
rtx5090:Qwen3.6-35B-A3B-UD-Q2_K_XL,tg128,d8192,4,96.08,0.84,58.07,36.70,474.67,4.50,119.50,3.04,,,,,,
rtx5090:Qwen3.6-35B-A3B-UD-Q2_K_XL,pp2048,d16384,1,4930.59,196.72,4930.59,196.72,,,,,3479.93,118.59,3381.15,118.59,3479.93,118.59
rtx5090:Qwen3.6-35B-A3B-UD-Q2_K_XL,tg128,d16384,1,225.15,0.27,225.15,0.27,228.67,0.91,228.67,0.91,,,,,,
rtx5090:Qwen3.6-35B-A3B-UD-Q2_K_XL,pp2048,d16384,2,4401.46,43.99,3019.69,777.03,,,,,5965.50,1541.64,5866.72,1541.64,5965.50,1541.64
rtx5090:Qwen3.6-35B-A3B-UD-Q2_K_XL,tg128,d16384,2,71.07,0.25,103.01,67.24,270.00,2.83,152.17,21.64,,,,,,
rtx5090:Qwen3.6-35B-A3B-UD-Q2_K_XL,pp2048,d16384,4,4445.79,11.28,2008.58,912.23,,,,,10005.74,3772.80,9906.97,3772.80,10005.74,3772.80
rtx5090:Qwen3.6-35B-A3B-UD-Q2_K_XL,tg128,d16384,4,48.82,0.35,44.31,41.35,449.67,4.11,114.25,2.31,,,,,,
rtx5090:Qwen3.6-35B-A3B-UD-Q3_K_XL,pp2048,d0,1,8645.45,498.48,8645.45,498.48,,,,,314.02,19.29,212.14,19.29,314.02,19.29
rtx5090:Qwen3.6-35B-A3B-UD-Q3_K_XL,tg128,d0,1,260.16,7.32,260.16,7.32,263.43,8.93,263.43,8.93,,,,,,
rtx5090:Qwen3.6-35B-A3B-UD-Q3_K_XL,pp2048,d0,2,5444.64,274.81,4170.39,1072.03,,,,,582.07,114.78,480.19,114.78,582.07,114.78
rtx5090:Qwen3.6-35B-A3B-UD-Q3_K_XL,tg128,d0,2,311.39,20.55,179.88,20.29,313.59,20.55,181.89,20.03,,,,,,
rtx5090:Qwen3.6-35B-A3B-UD-Q3_K_XL,pp2048,d0,4,5767.78,30.74,2413.58,853.03,,,,,954.50,264.09,852.62,264.09,954.50,264.09
rtx5090:Qwen3.6-35B-A3B-UD-Q3_K_XL,tg128,d0,4,314.93,5.00,104.12,19.06,529.00,5.72,132.42,3.73,,,,,,
rtx5090:Qwen3.6-35B-A3B-UD-Q3_K_XL,pp2048,d8192,1,6457.07,291.16,6457.07,291.16,,,,,1535.19,70.95,1433.32,70.95,1535.19,70.95
rtx5090:Qwen3.6-35B-A3B-UD-Q3_K_XL,tg128,d8192,1,239.04,1.80,239.04,1.80,243.49,1.70,243.49,1.70,,,,,,
rtx5090:Qwen3.6-35B-A3B-UD-Q3_K_XL,pp2048,d8192,2,5525.34,19.61,3841.58,972.99,,,,,2705.13,676.68,2603.25,676.68,2705.13,676.68
rtx5090:Qwen3.6-35B-A3B-UD-Q3_K_XL,tg128,d8192,2,129.37,2.17,121.16,57.38,273.67,3.09,156.28,25.36,,,,,,
rtx5090:Qwen3.6-35B-A3B-UD-Q3_K_XL,pp2048,d8192,4,5614.45,15.10,2454.39,1046.95,,,,,4548.13,1597.41,4446.26,1597.41,4548.13,1597.41
rtx5090:Qwen3.6-35B-A3B-UD-Q3_K_XL,tg128,d8192,4,100.08,0.97,59.02,35.81,484.67,6.18,121.67,2.25,,,,,,
rtx5090:Qwen3.6-35B-A3B-UD-Q3_K_XL,pp2048,d16384,1,5260.86,236.77,5260.86,236.77,,,,,3264.23,152.69,3162.36,152.69,3264.23,152.69
rtx5090:Qwen3.6-35B-A3B-UD-Q3_K_XL,tg128,d16384,1,217.72,7.68,217.72,7.68,222.09,7.80,222.09,7.80,,,,,,
rtx5090:Qwen3.6-35B-A3B-UD-Q3_K_XL,pp2048,d16384,2,4617.18,24.22,3207.13,854.27,,,,,5748.71,1530.78,5646.84,1530.78,5748.71,1530.78
rtx5090:Qwen3.6-35B-A3B-UD-Q3_K_XL,tg128,d16384,2,70.03,0.35,97.93,62.53,267.33,2.05,146.46,16.85,,,,,,
rtx5090:Qwen3.6-35B-A3B-UD-Q3_K_XL,pp2048,d16384,4,4679.32,1.72,2114.49,953.52,,,,,9539.65,3589.62,9437.77,3589.62,9539.65,3589.62
rtx5090:Qwen3.6-35B-A3B-UD-Q3_K_XL,tg128,d16384,4,51.29,0.30,45.40,41.72,455.33,4.99,115.58,2.96,,,,,,
rtx5090:Qwen3.6-35B-A3B-UD-Q5_K_XL,pp2048,d0,1,5426.93,270.59,5426.93,270.59,,,,,406.85,15.66,351.56,15.66,406.85,15.66
rtx5090:Qwen3.6-35B-A3B-UD-Q5_K_XL,tg128,d0,1,290.70,23.27,290.70,23.27,296.37,22.28,296.37,22.28,,,,,,
rtx5090:Qwen3.6-35B-A3B-UD-Q5_K_XL,pp2048,d0,2,4625.29,62.82,2550.70,75.83,,,,,791.02,20.18,735.73,20.18,791.02,20.18
rtx5090:Qwen3.6-35B-A3B-UD-Q5_K_XL,tg128,d0,2,384.81,16.18,197.81,10.17,387.42,16.19,200.81,9.98,,,,,,
rtx5090:Qwen3.6-35B-A3B-UD-Q5_K_XL,pp2048,d0,4,4340.30,30.09,1248.82,140.60,,,,,1552.69,147.11,1497.40,147.11,1552.69,147.11
rtx5090:Qwen3.6-35B-A3B-UD-Q5_K_XL,tg128,d0,4,370.67,12.87,110.51,11.78,505.67,19.91,126.42,9.78,,,,,,
rtx5090:Qwen3.6-35B-A3B-UD-Q5_K_XL,pp2048,d8192,1,6783.35,58.26,6783.35,58.26,,,,,1424.34,23.24,1369.05,23.24,1424.34,23.24
rtx5090:Qwen3.6-35B-A3B-UD-Q5_K_XL,tg128,d8192,1,240.81,2.02,240.81,2.02,245.71,1.85,245.71,1.85,,,,,,
rtx5090:Qwen3.6-35B-A3B-UD-Q5_K_XL,pp2048,d8192,2,6026.85,38.06,3565.10,478.94,,,,,2724.43,374.27,2669.14,374.27,2724.43,374.27
rtx5090:Qwen3.6-35B-A3B-UD-Q5_K_XL,tg128,d8192,2,177.80,1.48,130.51,41.33,275.67,3.09,155.07,19.50,,,,,,
rtx5090:Qwen3.6-35B-A3B-UD-Q5_K_XL,pp2048,d8192,4,5450.74,21.12,2235.23,870.07,,,,,4835.34,1629.16,4780.05,1629.16,4835.34,1629.16
rtx5090:Qwen3.6-35B-A3B-UD-Q5_K_XL,tg128,d8192,4,101.16,0.80,59.01,33.72,452.33,4.19,113.33,2.72,,,,,,
rtx5090:Qwen3.6-35B-A3B-UD-Q5_K_XL,pp2048,d16384,1,6675.43,29.76,6675.43,29.76,,,,,2560.29,12.00,2505.00,12.00,2560.29,12.00
rtx5090:Qwen3.6-35B-A3B-UD-Q5_K_XL,tg128,d16384,1,236.53,1.82,236.53,1.82,241.26,2.17,241.26,2.17,,,,,,
rtx5090:Qwen3.6-35B-A3B-UD-Q5_K_XL,pp2048,d16384,2,5808.24,10.50,3965.48,1034.35,,,,,4575.95,1177.81,4520.66,1177.81,4575.95,1177.81
rtx5090:Qwen3.6-35B-A3B-UD-Q5_K_XL,tg128,d16384,2,85.47,1.38,103.00,59.83,266.67,1.89,147.76,17.84,,,,,,
rtx5090:Qwen3.6-35B-A3B-UD-Q5_K_XL,pp2048,d16384,4,4865.23,6.23,2374.20,1221.28,,,,,8877.69,3722.80,8822.40,3722.80,8877.69,3722.80
rtx5090:Qwen3.6-35B-A3B-UD-Q5_K_XL,tg128,d16384,4,49.40,0.67,42.98,38.30,421.00,5.35,106.83,2.91,,,,,,
rtx5090:gemma-4-26B-A4B-it-UD-Q6_K_XL,pp2048,d0,1,2490.97,100.14,2490.97,100.14,,,,,783.85,33.05,738.25,33.05,800.57,33.48
rtx5090:gemma-4-26B-A4B-it-UD-Q6_K_XL,tg128,d0,1,234.96,29.47,234.96,29.47,243.15,30.09,243.15,30.09,,,,,,
rtx5090:gemma-4-26B-A4B-it-UD-Q6_K_XL,pp2048,d0,2,2210.23,24.87,1213.15,65.92,,,,,1584.54,83.90,1538.94,83.90,1681.63,22.02
rtx5090:gemma-4-26B-A4B-it-UD-Q6_K_XL,tg128,d0,2,352.77,18.76,176.93,16.84,355.14,18.75,179.80,16.32,,,,,,
rtx5090:gemma-4-26B-A4B-it-UD-Q6_K_XL,pp2048,d0,4,2440.49,22.47,708.63,77.46,,,,,2729.08,282.73,2683.48,282.73,3067.10,11.41
rtx5090:gemma-4-26B-A4B-it-UD-Q6_K_XL,tg128,d0,4,482.52,15.40,123.08,11.57,501.33,12.50,126.25,12.90,,,,,,
rtx5090:gemma-4-26B-A4B-it-UD-Q6_K_XL,pp2048,d8192,1,3050.57,21.06,3050.57,21.06,,,,,3087.50,16.78,3041.91,16.78,3098.77,21.96
rtx5090:gemma-4-26B-A4B-it-UD-Q6_K_XL,tg128,d8192,1,208.84,27.12,208.84,27.12,213.89,28.51,213.89,28.51,,,,,,
rtx5090:gemma-4-26B-A4B-it-UD-Q6_K_XL,pp2048,d8192,2,3422.40,496.12,1981.27,418.34,,,,,4909.07,1049.03,4863.47,1049.03,5340.05,893.61
rtx5090:gemma-4-26B-A4B-it-UD-Q6_K_XL,tg128,d8192,2,249.78,4.64,148.54,22.11,301.67,6.13,161.71,14.44,,,,,,
rtx5090:gemma-4-26B-A4B-it-UD-Q6_K_XL,pp2048,d8192,4,4276.36,25.21,1550.93,452.42,,,,,6487.80,1713.96,6442.20,1713.96,7247.61,1395.42
rtx5090:gemma-4-26B-A4B-it-UD-Q6_K_XL,tg128,d8192,4,122.30,1.72,75.23,38.32,473.33,4.71,119.17,6.03,,,,,,
rtx5090:gemma-4-26B-A4B-it-UD-Q6_K_XL,pp2048,d16384,1,4216.09,32.86,4216.09,32.86,,,,,4014.23,5.25,3968.64,5.25,4031.34,5.13
rtx5090:gemma-4-26B-A4B-it-UD-Q6_K_XL,tg128,d16384,1,197.66,4.31,197.66,4.31,201.98,4.28,201.98,4.28,,,,,,
rtx5090:gemma-4-26B-A4B-it-UD-Q6_K_XL,pp2048,d16384,2,4161.07,14.79,2708.01,598.61,,,,,6545.02,1465.92,6499.42,1465.92,7006.04,1032.56
rtx5090:gemma-4-26B-A4B-it-UD-Q6_K_XL,tg128,d16384,2,96.78,7.54,103.03,54.48,281.33,18.87,149.09,15.71,,,,,,
rtx5090:gemma-4-26B-A4B-it-UD-Q6_K_XL,pp2048,d16384,4,3949.76,25.02,1734.51,733.17,,,,,11341.09,4181.98,11295.49,4181.98,12309.80,3989.41
rtx5090:gemma-4-26B-A4B-it-UD-Q6_K_XL,tg128,d16384,4,50.04,1.67,48.74,40.01,449.00,7.79,115.25,6.43,,,,,,
rtx5090:gemma-4-26B-A4B-it-UD-Q8_K_XL,pp2048,d0,1,2920.58,72.53,2920.58,72.53,,,,,710.10,9.81,665.84,9.81,724.76,9.49
rtx5090:gemma-4-26B-A4B-it-UD-Q8_K_XL,tg128,d0,1,208.44,4.26,208.44,4.26,212.51,3.91,212.51,3.91,,,,,,
rtx5090:gemma-4-26B-A4B-it-UD-Q8_K_XL,pp2048,d0,2,2306.55,5.27,1268.52,60.15,,,,,1513.56,81.34,1469.30,81.34,1608.61,14.51
rtx5090:gemma-4-26B-A4B-it-UD-Q8_K_XL,tg128,d0,2,322.40,10.38,162.57,6.93,324.62,10.38,164.27,7.39,,,,,,
rtx5090:gemma-4-26B-A4B-it-UD-Q8_K_XL,pp2048,d0,4,2528.20,8.61,735.98,78.22,,,,,2588.23,271.49,2543.97,271.49,2915.12,33.84
rtx5090:gemma-4-26B-A4B-it-UD-Q8_K_XL,tg128,d0,4,446.94,1.87,114.08,7.64,463.00,2.83,116.75,8.42,,,,,,
rtx5090:gemma-4-26B-A4B-it-UD-Q8_K_XL,pp2048,d8192,1,2877.10,188.68,2877.10,188.68,,,,,3257.87,220.30,3213.62,220.30,3267.18,214.24
rtx5090:gemma-4-26B-A4B-it-UD-Q8_K_XL,tg128,d8192,1,202.38,32.95,202.38,32.95,207.26,33.80,207.26,33.80,,,,,,
rtx5090:gemma-4-26B-A4B-it-UD-Q8_K_XL,pp2048,d8192,2,3787.13,99.43,2219.33,299.87,,,,,4283.84,591.34,4239.59,591.34,4712.41,226.12
rtx5090:gemma-4-26B-A4B-it-UD-Q8_K_XL,tg128,d8192,2,230.56,4.84,136.19,19.03,287.33,6.24,150.33,8.28,,,,,,
rtx5090:gemma-4-26B-A4B-it-UD-Q8_K_XL,pp2048,d8192,4,4319.04,42.85,1547.71,438.79,,,,,6475.75,1662.18,6431.50,1662.18,7212.45,1354.95
rtx5090:gemma-4-26B-A4B-it-UD-Q8_K_XL,tg128,d8192,4,121.49,4.40,70.54,32.82,437.33,13.60,111.50,6.05,,,,,,
rtx5090:gemma-4-26B-A4B-it-UD-Q8_K_XL,pp2048,d16384,1,4283.85,51.50,4283.85,51.50,,,,,3946.12,42.08,3901.87,42.08,3961.86,42.07
rtx5090:gemma-4-26B-A4B-it-UD-Q8_K_XL,tg128,d16384,1,195.33,5.92,195.33,5.92,199.22,6.05,199.22,6.05,,,,,,
rtx5090:gemma-4-26B-A4B-it-UD-Q8_K_XL,pp2048,d16384,2,4200.89,14.70,2723.52,603.36,,,,,6493.90,1434.71,6449.64,1434.71,6931.46,1019.32
rtx5090:gemma-4-26B-A4B-it-UD-Q8_K_XL,tg128,d16384,2,96.11,2.58,97.94,47.61,282.33,7.13,145.52,6.58,,,,,,
rtx5090:gemma-4-26B-A4B-it-UD-Q8_K_XL,pp2048,d16384,4,4027.24,9.24,1748.42,731.22,,,,,11211.17,4042.52,11166.91,4042.52,12199.94,3845.39
rtx5090:gemma-4-26B-A4B-it-UD-Q8_K_XL,tg128,d16384,4,52.49,0.82,51.10,42.63,449.00,14.51,116.17,13.36,,,,,,
rtx5090:gemma-4-26B-A4B-it-qat-q4_0,pp2048,d0,1,10484.01,672.71,10484.01,672.71,,,,,211.22,14.01,179.64,14.01,226.92,14.72
rtx5090:gemma-4-26B-A4B-it-qat-q4_0,tg128,d0,1,232.77,20.10,232.77,20.10,237.41,20.36,237.41,20.36,,,,,,
rtx5090:gemma-4-26B-A4B-it-qat-q4_0,pp2048,d0,2,5337.43,505.60,3462.34,755.50,,,,,602.46,115.18,570.88,115.18,711.88,70.91
rtx5090:gemma-4-26B-A4B-it-qat-q4_0,tg128,d0,2,363.59,7.50,183.39,7.15,366.34,7.51,185.77,7.02,,,,,,
rtx5090:gemma-4-26B-A4B-it-qat-q4_0,pp2048,d0,4,4967.55,31.42,1631.52,299.63,,,,,1214.20,210.54,1182.61,210.54,1488.92,13.74
rtx5090:gemma-4-26B-A4B-it-qat-q4_0,tg128,d0,4,592.92,8.21,152.22,17.01,596.67,7.85,153.62,16.94,,,,,,
rtx5090:gemma-4-26B-A4B-it-qat-q4_0,pp2048,d8192,1,6265.77,621.31,6265.77,621.31,,,,,1527.84,141.76,1496.25,141.76,1543.46,141.66
rtx5090:gemma-4-26B-A4B-it-qat-q4_0,tg128,d8192,1,225.81,20.62,225.81,20.62,230.17,21.13,230.17,21.13,,,,,,
rtx5090:gemma-4-26B-A4B-it-qat-q4_0,pp2048,d8192,2,4826.55,20.81,3262.11,815.54,,,,,3073.61,758.43,3042.03,758.43,3635.69,220.99
rtx5090:gemma-4-26B-A4B-it-qat-q4_0,tg128,d8192,2,236.17,14.33,150.21,24.35,288.00,15.12,163.60,15.53,,,,,,
rtx5090:gemma-4-26B-A4B-it-qat-q4_0,pp2048,d8192,4,4935.16,2.63,2028.88,783.23,,,,,5211.71,1724.10,5180.12,1724.10,6016.64,1395.43
rtx5090:gemma-4-26B-A4B-it-qat-q4_0,tg128,d8192,4,119.25,2.18,76.46,39.26,517.00,5.72,130.75,7.34,,,,,,
rtx5090:gemma-4-26B-A4B-it-qat-q4_0,pp2048,d16384,1,4164.14,262.10,4164.14,262.10,,,,,4029.08,255.05,3997.49,255.05,4046.21,255.35
rtx5090:gemma-4-26B-A4B-it-qat-q4_0,tg128,d16384,1,208.11,15.24,208.11,15.24,211.69,15.42,211.69,15.42,,,,,,
rtx5090:gemma-4-26B-A4B-it-qat-q4_0,pp2048,d16384,2,3618.71,50.97,2454.77,630.77,,,,,7276.35,1875.83,7244.77,1875.83,8051.01,1130.12
rtx5090:gemma-4-26B-A4B-it-qat-q4_0,tg128,d16384,2,96.82,8.07,116.57,72.35,295.67,22.48,163.32,31.78,,,,,,
rtx5090:gemma-4-26B-A4B-it-qat-q4_0,pp2048,d16384,4,3539.01,11.96,1553.59,673.35,,,,,12724.37,4678.27,12692.78,4678.27,13904.15,4154.01
rtx5090:gemma-4-26B-A4B-it-qat-q4_0,tg128,d16384,4,46.55,0.51,50.25,47.65,495.33,10.40,126.67,10.55,,,,,,
rtx5090:gemma-4-31B-it-UD-Q4_K_XL,pp2048,d0,1,666.11,24.94,666.11,24.94,,,,,2837.59,99.46,2775.02,99.46,2884.68,99.31
rtx5090:gemma-4-31B-it-UD-Q4_K_XL,tg128,d0,1,68.28,3.23,68.28,3.23,72.00,5.72,72.00,5.72,,,,,,
rtx5090:gemma-4-31B-it-UD-Q4_K_XL,pp2048,d0,2,601.98,6.09,323.78,17.21,,,,,5888.66,309.44,5826.10,309.44,6241.05,34.55
rtx5090:gemma-4-31B-it-UD-Q4_K_XL,tg128,d0,2,134.33,7.05,67.47,6.92,150.33,14.88,77.00,13.13,,,,,,
rtx5090:gemma-4-31B-it-UD-Q4_K_XL,pp2048,d0,4,688.40,3.77,197.81,20.67,,,,,9630.89,1019.29,9568.32,1019.29,10844.68,44.68
rtx5090:gemma-4-31B-it-UD-Q4_K_XL,tg128,d0,4,189.92,7.77,48.41,4.21,215.00,7.48,56.25,8.73,,,,,,
rtx5090:gemma-4-31B-it-UD-Q4_K_XL,pp2048,d8192,1,782.95,28.05,782.95,28.05,,,,,11884.72,389.77,11822.15,389.77,11937.12,390.45
rtx5090:gemma-4-31B-it-UD-Q4_K_XL,tg128,d8192,1,67.88,1.24,67.88,1.24,73.33,0.47,73.33,0.47,,,,,,
rtx5090:gemma-4-31B-it-UD-Q4_K_XL,pp2048,d8192,2,1046.47,10.13,605.66,79.48,,,,,15680.03,2029.33,15617.46,2029.33,17141.47,632.87
rtx5090:gemma-4-31B-it-UD-Q4_K_XL,tg128,d8192,2,82.18,6.37,52.46,12.60,134.67,13.89,70.67,13.29,,,,,,
rtx5090:gemma-4-31B-it-UD-Q4_K_XL,pp2048,d8192,4,1235.97,13.92,426.33,108.78,,,,,23183.23,5511.33,23120.66,5511.33,25621.56,4400.66
rtx5090:gemma-4-31B-it-UD-Q4_K_XL,tg128,d8192,4,40.17,1.45,27.10,14.40,193.00,4.55,50.17,2.64,,,,,,
rtx5090:gemma-4-31B-it-UD-Q4_K_XL,pp2048,d16384,1,1169.97,8.11,1169.97,8.11,,,,,14258.18,155.07,14195.61,155.07,14311.70,155.60
rtx5090:gemma-4-31B-it-UD-Q4_K_XL,tg128,d16384,1,61.52,4.93,61.52,4.93,65.33,6.85,65.33,6.85,,,,,,
rtx5090:gemma-4-31B-it-UD-Q4_K_XL,pp2048,d16384,2,1229.19,13.38,778.10,156.88,,,,,22445.95,4648.90,22383.39,4648.90,23781.21,3381.83
rtx5090:gemma-4-31B-it-UD-Q4_K_XL,tg128,d16384,2,31.47,1.44,37.38,21.64,129.00,14.17,65.17,10.14,,,,,,
rtx5090:gemma-4-31B-it-UD-Q4_K_XL,pp2048,d16384,4,1216.21,4.64,648.39,321.17,,,,,35178.24,15943.13,35115.67,15943.13,37776.87,15045.97
rtx5090:gemma-4-31B-it-UD-Q4_K_XL,tg128,d16384,4,4.13,0.07,16.63,27.61,69.00,2.16,18.33,29.28,,,,,,
rtx5090:gemma-4-31B-it-UD-Q5_K_XL,pp2048,d0,1,715.06,12.93,715.06,12.93,,,,,2690.18,21.52,2595.95,21.52,2742.57,21.42
rtx5090:gemma-4-31B-it-UD-Q5_K_XL,tg128,d0,1,76.49,1.49,76.49,1.49,91.00,0.82,91.00,0.82,,,,,,
rtx5090:gemma-4-31B-it-UD-Q5_K_XL,pp2048,d0,2,620.75,14.63,337.57,18.61,,,,,5510.37,330.30,5416.14,330.30,5866.27,132.56
rtx5090:gemma-4-31B-it-UD-Q5_K_XL,tg128,d0,2,125.10,8.92,62.86,8.29,138.33,10.84,71.17,12.24,,,,,,
rtx5090:gemma-4-31B-it-UD-Q5_K_XL,pp2048,d0,4,701.44,5.84,203.29,22.25,,,,,9324.68,1010.04,9230.45,1010.04,10535.80,130.22
rtx5090:gemma-4-31B-it-UD-Q5_K_XL,tg128,d0,4,179.85,1.45,45.88,3.20,202.00,13.14,52.83,6.97,,,,,,
rtx5090:gemma-4-31B-it-UD-Q5_K_XL,pp2048,d8192,1,828.92,11.44,828.92,11.44,,,,,11193.11,121.83,11098.88,121.83,11250.83,121.17
rtx5090:gemma-4-31B-it-UD-Q5_K_XL,tg128,d8192,1,63.42,0.38,63.42,0.38,73.00,3.56,73.00,3.56,,,,,,
rtx5090:gemma-4-31B-it-UD-Q5_K_XL,pp2048,d8192,2,1056.96,8.03,613.01,77.40,,,,,15494.38,2009.15,15400.15,2009.15,16957.20,616.07
rtx5090:gemma-4-31B-it-UD-Q5_K_XL,tg128,d8192,2,75.02,2.28,47.16,11.01,118.67,7.04,61.33,5.22,,,,,,
rtx5090:gemma-4-31B-it-UD-Q5_K_XL,pp2048,d8192,4,1254.80,9.07,434.29,112.70,,,,,22858.54,5375.51,22764.31,5375.51,25159.35,4299.37
rtx5090:gemma-4-31B-it-UD-Q5_K_XL,tg128,d8192,4,40.56,1.60,25.61,13.36,184.33,9.74,49.25,7.71,,,,,,
rtx5090:gemma-4-31B-it-UD-Q5_K_XL,pp2048,d16384,1,1121.62,28.30,1121.62,28.30,,,,,15085.77,478.58,14991.54,478.58,15144.51,478.98
rtx5090:gemma-4-31B-it-UD-Q5_K_XL,tg128,d16384,1,65.73,2.47,65.73,2.47,74.00,8.04,74.00,8.04,,,,,,
rtx5090:gemma-4-31B-it-UD-Q5_K_XL,pp2048,d16384,2,1220.95,12.30,776.05,158.71,,,,,22527.20,4706.95,22432.97,4706.95,23904.51,3403.70
rtx5090:gemma-4-31B-it-UD-Q5_K_XL,tg128,d16384,2,29.77,2.04,33.91,18.95,112.67,9.74,59.50,8.62,,,,,,
rtx5090:gemma-4-31B-it-UD-Q5_K_XL,pp2048,d16384,4,1241.48,7.07,509.03,190.59,,,,,37401.48,12447.57,37307.25,12447.57,40329.79,11830.41
rtx5090:gemma-4-31B-it-UD-Q5_K_XL,tg128,d16384,4,16.54,0.53,16.92,14.24,169.67,7.04,47.25,4.00,,,,,,
rtx5090:gemma-4-31B-it-qat-q4_0,pp2048,d0,1,3458.19,183.68,3458.19,183.68,,,,,603.86,28.54,550.55,28.54,652.69,28.71
rtx5090:gemma-4-31B-it-qat-q4_0,tg128,d0,1,69.36,2.02,69.36,2.02,76.33,4.78,76.33,4.78,,,,,,
rtx5090:gemma-4-31B-it-qat-q4_0,pp2048,d0,2,1693.05,109.26,1042.90,165.19,,,,,1846.89,287.92,1793.57,287.92,2153.62,120.53
rtx5090:gemma-4-31B-it-qat-q4_0,tg128,d0,2,136.89,11.66,68.79,9.96,145.67,14.38,73.17,11.25,,,,,,
rtx5090:gemma-4-31B-it-qat-q4_0,pp2048,d0,4,1566.13,7.75,498.87,90.07,,,,,3863.96,640.64,3810.65,640.64,4677.69,33.51
rtx5090:gemma-4-31B-it-qat-q4_0,tg128,d0,4,240.83,4.59,61.64,6.98,273.67,10.87,71.17,12.79,,,,,,
rtx5090:gemma-4-31B-it-qat-q4_0,pp2048,d8192,1,2111.59,162.11,2111.59,162.11,,,,,4501.39,318.65,4448.08,318.65,4560.11,319.45
rtx5090:gemma-4-31B-it-qat-q4_0,tg128,d8192,1,63.03,3.08,63.03,3.08,67.00,3.27,67.00,3.27,,,,,,
rtx5090:gemma-4-31B-it-qat-q4_0,pp2048,d8192,2,1729.33,31.95,1137.29,264.02,,,,,8607.33,1981.12,8554.02,1981.12,10095.67,578.28
rtx5090:gemma-4-31B-it-qat-q4_0,tg128,d8192,2,83.52,3.99,51.86,9.50,129.00,7.79,66.17,3.85,,,,,,
rtx5090:gemma-4-31B-it-qat-q4_0,pp2048,d8192,4,1688.74,17.27,682.98,248.29,,,,,15351.73,4980.78,15298.41,4980.78,17641.43,4049.81
rtx5090:gemma-4-31B-it-qat-q4_0,tg128,d8192,4,43.04,1.84,29.15,16.48,218.33,6.55,55.75,4.87,,,,,,
rtx5090:gemma-4-31B-it-qat-q4_0,pp2048,d16384,1,1461.44,97.67,1461.44,97.67,,,,,11472.38,789.27,11419.07,789.27,11536.62,788.77
rtx5090:gemma-4-31B-it-qat-q4_0,tg128,d16384,1,60.59,2.08,60.59,2.08,69.00,3.56,69.00,3.56,,,,,,
rtx5090:gemma-4-31B-it-qat-q4_0,pp2048,d16384,2,1355.81,10.68,940.43,262.16,,,,,19224.75,5272.28,19171.44,5272.28,21428.65,3139.53
rtx5090:gemma-4-31B-it-qat-q4_0,tg128,d16384,2,31.72,1.25,34.39,17.41,117.67,1.70,60.00,4.97,,,,,,
rtx5090:gemma-4-31B-it-qat-q4_0,pp2048,d16384,4,1775.40,14.11,1101.16,607.24,,,,,22338.38,11790.68,22285.07,11790.68,24762.30,10876.47
rtx5090:gemma-4-31B-it-qat-q4_0,tg128,d16384,4,6.23,0.66,18.73,31.16,84.67,15.97,23.00,36.50,,,,,,
